<a:application xmlns:a="http://ajax.org/2005/aml">
    <a:window id="winGoToFile"
      title     = "Open File" 
      buttons   = "close" 
      modal     = "false" 
      center    = "true" 
      width     = "475" 
      height    = "300"
      resizable = "true"
      kbclose   = "true"
      skin      = "bk-window"
      zindex    = "999999"
      onshow    = "
        txtGoToFile.select();
      ">
        <a:hbox edge="5">
            <a:textbox id="txtGoToFile" realtime="true" flex="1" skin="searchbox_textbox" focusselect="true" />
        </a:hbox>
        <a:datagrid id="dgGoToFile"
          anchors = "34 0 46 0"
          border  = "1 0 0 0"
          class   = "searchresults noscrollbar"
          scrollbar = "sbShared 20 2 2"
          model   = "mdlGoToFile"
          each    = "[d:response/d:href]"
          multiselect     = "true"
          loading-message = "Searching Project..."
          empty-message   = "No search results"
          startcollapsed  = "false">
            <a:column width="100" value="{apf.getFilename([text()])}" caption="Name" />
            <a:column width="100%" caption="Path" value="[text()]" />
        </a:datagrid>
        <a:hbox edge="6 10 10" pack="end" bottom="0" right="0" left="0" padding="8">
            <a:filler/>
            <a:button onclick="winGoToFile.hide()" skin="btn-default-css3">Cancel</a:button>
            <a:button 
              default  = "2" 
              skin     = "btn-default-css3" 
              class    = "btn-green"
              onclick  = "
                require('ext/gotofile/gotofile').openFile();
              ">Open</a:button>
        </a:hbox>
        <a:model id="mdlGoToFile" />
    </a:window>
</a:application>