<a:application xmlns:a="http://ajax.org/2005/aml">
    <a:window id="winTestPanel" 
      flex     = "1" 
      skin     = "fm-window" 
      title    = "Test Panel" 
      modal    = "false" 
      buttons  = "close" 
      optimize = "true">
        <a:bar skin="c9-header-bar" top="-30" right="28" height="30">
            <a:hbox id="barTestTools">
                <a:button
                  id       = "btnNewTestType"
                  caption  = "New"
                  onclick  = ""
                  skin     = "c9-toolbarbutton"
                  class    = "with-arrow"
                  submenu  = "mnuTestNew" />
                <a:menu id="mnuTestNew">
                    
                </a:menu>
                
                <!--a:divider skin="c9-divider-double" /-->
                
                <a:splitbutton id="btnTestRun"
                  caption  = "Run tests"
                  onclick  = "require('ext/testpanel/testpanel').run(dgTestProject.getSelection());"
                  submenu  = "mnuRunSettings" 
                  visible  = "{!(stTestRun.active or !dgTestProject.selected)}" />
            
                <a:button
                  icon     = "stop.png"
                  caption  = "Stop Tests"
                  skin     = "c9-toolbarbutton"
                  onclick  = "require('ext/testpanel/testpanel').stop()"
                  visible  = "{!btnTestRun.visible}"
                  disabled = "{!stTestRun.active or stTestRun.stopping}" />
            </a:hbox>
        </a:bar>
      
        <a:button
          top="-22"
          skin="header-btn"
          right="5"
          icon="panel_settings.png"
          submenu = "mnuFilter" />
        <a:menu id="mnuFilter">
            <a:item type="radio" value="all" selected="true">All</a:item>
            <a:divider />
            
            <a:divider />
            <a:item type="check" checked="true" onclick="
                require('ext/testpanel/testpanel').toggleSubmodules(this.value);
            ">Show Submodules</a:item>
            <a:item type="check" checked="true" onclick="
                require('ext/testpanel/testpanel').toggleExpandTests(this.value);
            ">Auto Expand Tests</a:item>
            <a:divider />
            <a:item submenu="mnuAutorunTests">Auto-run Tests</a:item>
        </a:menu>
        <a:menu id="mnuAutorunTests">
            <a:group id="grpAutoRunTests" value="[{require('ext/settings/settings').model}::auto/testpanel/@autorun]" />
            <a:item group="grpAutoRunTests" type="radio" value="none">None</a:item>
            <a:divider />
            <a:item group="grpAutoRunTests" type="radio" value="selection">Selection</a:item>
            <a:item group="grpAutoRunTests" type="radio" value="pattern" onclick="
                require('ext/testpanel/testpanel').editAutoRunPattern();
            ">Pattern</a:item>
        </a:menu>
        <a:vbox anchors = "0 0 0 0" id="vboxTestPanel" style="background:#333">
            <a:model id="mdlTests">
                <data>
                    <repo name="Cloud9">
                    
                    </repo>
                </data>
            </a:model>
            
            <a:bar skin="basic" flex="1">
                <a:datagrid 
                  id        = "dgTestProject"
                  anchors   = "0 0 0 0"
                  border    = "0"
                  options   = "size"
                  model     = "mdlTests"
                  each      = "[repo|file|test|assert|error]"
                  class     = "noscrollbar with-noise"
                  scrollbar = "sbShared 20 2 2"
                  multiselect    = "true"
                  startcollapsed = "true"
                  contextmenu    = "mnuTestContext"
                  empty-message  = "No tests yet"
                  onbeforeremove = "return require('core/util').removeInteractive(this)">
                    <a:column id="colTestProject" caption="Name" width="60%" tree="1" icon="{require('ext/testpanel/testpanel').getIcon(localName(), [@status], [@type])}"><?lm
                        if (localName() == "error")
                            <span style='color:red'>[@name]</span>
                        else
                            [@name]
                    ?></a:column>
                    <a:column caption="Status" width="41%"><?lm
                        if ([@status] === '0')
                            <span style='color:red'>\[[@status-message]\]</span>
                        else if ([@status] == '1')
                            <span style='color:green'>\[PASS{[@status-message] and " [@status-message]"}\]</span>
                        else if ([@status] == '-1')
                            <span>\[{[@status-message].uCaseFirst()}\]</span>
                        else
                            '';
                    ?></a:column>
                    
                    <a:insert match="[file]" get="{return require('ext/testpanel/testpanel').parseFile(xmlNode)}" />
                    <a:remove match="[file]" set="{require('ext/filesystem/filesystem').remove([@path])}"/>
                    
                    <a:expanded match="[test|file[test]]" id="expTestRule" />
                    <a:expanded match="{apf.getChildNumber(%[repo]) == 1}" />
                </a:datagrid>
            </a:bar>
            
            <!--
                @todo Edit could be test/assert
                      Remove could be test and assert
            -->
            <a:menu id="mnuTestContext">
                <a:item match="[test|file|repo[file]]" onclick="require('ext/testpanel/testpanel').run()">Run Tests</a:item>
                <a:item match="[file]" 
                  onclick="var ide = require('core/ide');ide.dispatchEvent('openfile', {doc: ide.createDocument(dgTestProject.selected)});">Edit</a:item>
                <a:divider />
                <a:item match="[file]" onclick="dgTestProject.remove()">Remove</a:item>
                <a:divider />
                <a:item match="[file]" onclick="
                    require('ext/tabbehaviors/tabbehaviors').revealfile(dgTestProject.selected);
                ">Show in File Tree</a:item>
            </a:menu>
        </a:vbox>
    </a:window>
</a:application>