<a:application xmlns:a="http://ajax.org/2005/aml">

    <a:menu id="mnuRunCfg">    
        <a:item disabled="true" caption="no run history" />
        <a:divider />
        <a:item onclick="require('ext/runpanel/runpanel').showRunConfigs(false)">Configure...</a:item>
        <a:divider />
        <a:item id="itmDebug"
          type    = "check"
          checked = "[{require('ext/settings/settings').model}::auto/configurations/@debug]"
          caption = "Run in debug mode" />
        <a:item
          type    = "check"
          onclick = "require('ext/runpanel/runpanel').checkAutoHide()"
          checked = "[{require('ext/settings/settings').model}::auto/configurations/@autohide]"
          caption = "Auto show/hide debug tools" />
    </a:menu>
    
    <a:model id="mdlRunConfigurations">
        <configurations />
    </a:model>

    <a:bar id="tbRun">
        <a:divider skin="c9-divider" id="divRun" />
        <a:splitbutton
          id       = "btnRun"
          icon     = "{itmDebug.checked ? 'run.png' : 'run.png'}"
          caption  = "{itmDebug.checked ? 'debug' : 'run'}"
          onclick  = "require('ext/runpanel/runpanel').run()"
          visible  = "{!stProcessRunning.active and 1}"
          tooltip  = "{itmDebug.checked ? 'Debug' : 'Run'}"
          disabled = "{!ide.onLine}"
          submenu  = "mnuRunCfg" />
        <a:button id="btnStop"
          icon     = "stop.png"
          caption  = "stop"
          width    = "52"
          tooltip  = "Stop"
          skin     = "c9-toolbarbutton"
          onclick  = "require('ext/runpanel/runpanel').stop()"
          visible  = "{stProcessRunning.active and 1}" 
          disabled = "{!ide.onLine}" />
    </a:bar>

</a:application>