<a:application xmlns:a="http://ajax.org/2005/aml">
    <a:bar id="winDbgConsole" height="34">
        <a:vbox anchors="0 0 0 0">
            <a:tab id="tabConsole" skin="tab_console" flex="1" visible="false" render2="runtime">
                <a:hbox pack="end" top="2" right="3" height="24" align="center" padding="0">
                    <a:button id="btnConsoleClear" skin="btn_icon_only" icon="console_clear.png" margin="2 2 0 0"
                      onclick  = "
                        if (tabConsole.activepagenr == 0)
                            txtConsole.clear();
                        else if (tabConsole.activepagenr == 1)
                            txtOutput.clear();
                      "/>
                    <a:button id="btnConsoleSettings" skin="btn_icon_only"
                      icon    = "console_settings.png"
                      margin  = "2 4 0 0"
                      submenu = "mnuConsoleSettings" />
                    <a:button id="btnConsoleMax" skin="btn_icon_only" icon="console_max.png" state="true" margin="2 2 0 0"
                      onclick = "
                        var console = require('ext/console/console');
                        if (this.value)
                            console.maximize();
                        else
                            console.restore();
                      "/>
                    <a:divider skin="divider_console"></a:divider>
                    <a:button
                      skin="btn_icon_only"
                      icon="console_close_btn.png"
                      class="dim22-22"
                      margin="1 0 0 1"
                      onclick="require('ext/console/console').hide()"/>
                </a:hbox>
                <a:page id="pgConsole" caption="Console" name="console">
                    <a:text id="txtConsole"
                      margin     = "3 0 0 0"
                      anchors    = "0 17 0 0"
                      flex       = "1"
                      scrolldown = "true"
                      focussable = "true"
                      textselect = "true"
                      class      = "console_text" />
                    <a:scrollbar
                      for       = "txtConsole"
                      right     = "0"
                      top       = "0"
                      bottom    = "0"
                      skin      = "console_scrollbar"
                      width     = "17" />
                </a:page>
                <a:page id="pgOutput" caption="Output" name="output">
                    <a:text id="txtOutput"
                      margin     = "3 0 0 0"
                      anchors    = "0 17 0 0"
                      flex       = "1"
                      scrolldown = "true"
                      focussable = "true"
                      textselect = "true"
                      class      = "console_text" />
                    <a:scrollbar
                      for    = "txtOutput"
                      right  = "0"
                      top    = "0"
                      bottom = "0"
                      skin   = "console_scrollbar"
                      width  = "17" />
                </a:page>
            </a:tab>

            <a:menu id="mnuConsoleSettings">
                <a:item type="check"
                  checked = "[{require('core/settings').model}::auto/console/@autoshow]"
                  caption = "Auto-show console when running" />
            </a:menu>

            <a:hbox class="consoleInputBox" edge="1" padding="4" pack="end">
                <a:textbox id="txtConsoleInput"
                  initial-message = 'Type "/?" for commands'
                  margin          = "4 0 0"
                  skin            = "tb_console"
                  flex            = "1" />
                <a:button id="btnCollapseConsole" skin="btn_console_open" icon="switch.png" state="true" height="31"
                    value = "{!!tabConsole.visible}"
                    onprop.value="try { require('ext/console/console')[event.value ? 'show' : 'hide'](); } catch(e) {} " />
            </a:hbox>
        </a:vbox>
    </a:bar>
</a:application>

