<a:skin xmlns:a="http://ajax.org/2005/aml"><a:accordion name="accordion_apf_ver">
    <a:alias>accordion</a:alias>
    <a:style><![CDATA[
        .accordion_apf_ver {
            overflow     : auto;
            color        : #333;
            height       : auto;
            width        : 100%;
            position     : absolute;
            padding      : 0;
            border       : 1px solid #c3c3c3;
        }

        .accordion_apf_ver .panel {
            padding          : 0;
            font-size        : 11px;
            font-family      : Tahoma, Arial;
            background-color : white;
            height           : auto;
            margin           : 0;
            position         : relative;
            overflow         : hidden;
        }

        .accordion_apf_ver .ending {
            display : none;
        }

        .accordion_apf_ver .panel .title {
            background-image    : url(images/accordion_apf_title.png);
            background-position : 0 0;
            height              : 12px;
            color               : #333;
            font-size           : 11px;
            padding             : 3px 0 5px 3px;
            position            : relative;
            display             : block;
            cursor              : pointer;
        }

        .accordion_apf_ver .panel .title .icon {
            width               : 12px;
            height              : 10px;
            position            : absolute;
            right               : 7px;
            top                 : 5px;
            background-repeat   : no-repeat;
            background-position : 6px 50%;
        }

        .accordion_apf_ver .panel .Active .icon,
        .accordion_apf_ver .panel .title:hover .icon {
            background-position : -4px 50%;
        }

        .accordion_apf_ver .panel .title:hover {
            background-position : 0 -20px;
            color               : white;
        }

        .accordion_apf_ver .panel .Active {
            background-position : 0 -20px;
            color               : white;
        }

        .accordion_apf_ver .panel .NotActive {
           background-position : 0 0;
        }

        .accordion_apf_ver .panel .body {
            position       : relative;
            padding        : 3px;
            overflow       : hidden;
            display        : none;
            white-space    : nowrap;
            height         : 100%;
            border-top     : 1px solid #c3c3c3;
            border-bottom  : 1px solid #c3c3c3;
        }

        .accordion_apf_ver .panel .last {
            border-bottom  : 0;
        }
    ]]></a:style>
    <a:presentation>
        <a:main container="." direction="vertical">
            <div class="accordion_apf_ver"> </div>
        </a:main>
        <a:panel container="div[2]" title="div" body="div[2]" icon="div/div">
            <div class="panel">
                <div class="title NotActive">
                    <div class="icon"> </div>
                </div>
                <div class="body"> </div>
            </div>
        </a:panel>
        <a:ending container=".">
            <span class="ending"/>
        </a:ending>
    </a:presentation>
</a:accordion>
<a:accordion name="accordion_apf_hor">
    <a:style><![CDATA[
        .accordion_apf_hor {
            overflow-x  : auto;
            overflow-y  : hidden;
            color       : #333;
            height      : 200px;
            width       : auto;
            min-width   : 10px;
            position    : absolute;
            padding     : 0;
            border      : 1px solid #d7d7d7;
            white-space : nowrap;
        }

        .accordion_apf_hor .panel {
            padding          : 0;
            font-size        : 11px;
            font-family      : Tahoma, Arial;
            background-color : white;
            height           : 100%;
            margin           : 0;
            position         : relative;
            overflow         : hidden;
            display          : inline-block;
        }

        .accordion_apf_hor .ending {
            display : none;
        }

        .accordion_apf_hor .panel .title {
            background-image    : url(images/accordion_apf_title_hor.png);
            background-position : 0 0;
            width               : 12px;
            color               : white;
            font-size           : 11px;
            padding             : 4px;
            position            : relative;
            display             : block;
            height              : 100%;
            float               : left;
            cursor              : pointer;
        }

        .accordion_apf_hor .panel .title .icon {
            width    : 12px;
            height   : 10px;
            position : relative;
            margin   : 0 auto;
            background-position:50% 6px;
            background-repeat:no-repeat;
        }

        .accordion_apf_hor .panel .Active .icon,
        .accordion_apf_hor .panel .title:hover .icon {
            background-position:50% -4px;
        }

        .accordion_apf_hor .panel .title:hover {
            background-position : -20px 0;
            color               : white;
        }

        .accordion_apf_hor .panel .Active {
            background-position : -20px 0;
        }

        .accordion_apf_hor .panel .NotActive {
            background-position : 0 0;
        }

        .accordion_apf_hor .panel .body {
            position     : relative;
            display      : none;
            float        : left;
            height       : 100%;
            border-right : 1px solid #d7d7d7;
            border-left  : 1px solid #d7d7d7;
        }

        .accordion_apf_hor .panel .body .header {
            font-size           : 14px;
            font-weight         : bold;
            background-image    : url(images/accordion_header.png);
            background-position : 0 0;
            background-repeat   : repeat-x;
            padding             : 10px 10px 12px 10px;
            color               : white;
            margin-top          : 15px;
            white-space         : nowrap;
        }

        .accordion_apf_hor .panel .last {
            border-right:0;
        }

        .accordion_apf_hor .panel .body .content {
            padding     : 5px;
            overflow    : hidden;
            white-space : nowrap;
        }
    ]]></a:style>

    <a:presentation>
        <a:main container="." direction="horizontal">
            <div class="accordion_apf_hor"> </div>
        </a:main>
        <a:panel container="div[2]/div[2]" title="div" body="div[2]" icon="div/div" header="div[2]/div" content="div[2]/div[2]">
            <span class="panel">
                <div class="title NotActive">
                    <div class="icon"> </div>
                </div>
                <div class="body">
                    <div class="header"> </div>
                    <div class="content"> </div>
                </div>
            </span>
        </a:panel>
        <a:ending container=".">
            <span class="ending"/>
        </a:ending>
    </a:presentation>
</a:accordion>
<a:accordion name="accordion_menu">
    <a:style><![CDATA[
        .accordion_menu {
            overflow-x   : hidden;
            overflow-y   : hidden;
            color        : #333;
            height       : 200px;
            width        : auto;
            position     : absolute;
            padding      : 0;
            white-space  : nowrap;
        }

        .accordion_menu .rounded {
            width               : 15px;
            display             : inline-block;
            height              : 100%;
            background-image    : url(images/accordion_menu_rounded.png);
            background-repeat   : no-repeat;
            background-position : 0 0;
            position            : relative;
            overflow            : hidden;
            padding             : 0;
            margin              : 0;
            border-right        : 1px solid #c4de9a;
        }

        .accordion_menu .ending {
            width               : 15px;
            display             : inline-block;
            height              : 100%;
            background-image    : url(images/accordion_menu_rrounded.png);
            background-repeat   : no-repeat;
            background-position : 0 0;
            position            : relative;
            overflow            : hidden;
            padding             : 0;
            margin              : 0;
        }


        .accordion_menu .panel {
            padding          : 0;
            font-size        : 11px;
            font-family      : Tahoma, Arial;
            background-color : white;
            height           : 100%;
            margin           : 0;
            position         : relative;
            overflow         : hidden;
            display          : inline-block;
        }

        .accordion_menu .panel .title {
            background-image    : url(images/accordion_menu_title.png);
            border-right        : 1px solid #c4de9a;
            background-position : -120px 0;
            width               : 52px;
            color               : white;
            font-size           : 11px;
            padding             : 4px;
            position            : relative;
            display             : block;
            height              : 100%;
            float               : left;
            cursor              : pointer;
        }

        .accordion_menu .panel .title .icon {
            width               : 100%;
            height              : 100%;
            background-repeat   : no-repeat;
            background-position : 50% 50%;
        }

        .accordion_menu .panel .title:hover {
            background-position : -60px 0;
            color               : white;
        }

        .accordion_menu .panel .Active {
            background-position : -60px 0;
        }

        .accordion_menu .panel .NotActive {
            background-position : 0 0;
            color               : white;
        }

        .accordion_menu .panel .body {
            position         : relative;
            display          : none;
            float            : left;
            height           : 98px;
            border-top       : 1px solid #d7d7d7;
            border-right     : 1px solid #d7d7d7;
            border-bottom    : 1px solid #d7d7d7;
            background-image : url(images/accordion_menu_bg.png);
        }

        .accordion_menu .panel .body .header {
            font-size   : 14px;
            font-weight : bold;
            padding     : 10px 10px 12px 10px;
            color       : #406618;
            white-space : nowrap;
            margin-top  : 30px;
            text-align  : center;
            font-size   : 16px;
            font-weight : bold;
        }
        .accordion_menu .panel .body .content {
            padding     : 5px;
            overflow    : hidden;
            white-space : nowrap;
        }
    ]]></a:style>
    <a:style condition="apf.isIE6 &amp;&amp; apf.isIE7">
        .accordion_menu .rounded {
            top : -4px;
        }

        .accordion_menu .ending {
            top : -4px;
        }
    </a:style>

    <a:presentation>
        <a:main container="." direction="horizontal">
            <div class="accordion_menu">
                <span class="rounded"/>
            </div>
        </a:main>
        <a:panel container="div[2]/div[2]" title="div" body="div[2]" icon="div/div" header="div[2]/div" content="div[2]/div[2]">
            <span class="panel">
                <div class="title NotActive">
                    <div class="icon"> </div>
                </div>
                <div class="body">
                    <div class="header"> </div>
                    <div class="content"> </div>
                </div>
            </span>
        </a:panel>
        <a:ending container=".">
            <span class="ending"/>
        </a:ending>
    </a:presentation>
</a:accordion>
<a:accordion name="accordion_horizontal">
    <a:style><![CDATA[
        .accordionHor {
            overflow-x  : auto;
            overflow-y  : hidden;
            color       : #333;
            height      : 200px;
            width       : 300px;
            position    : absolute;
            padding     : 0;
            border      : 1px solid #d7d7d7;
            white-space : nowrap;
        }

        .accordionHor .panel {
            padding          : 0;
            font-size        : 11px;
            font-family      : Tahoma, Arial;
            background-color : white;
            height           : 100%;
            margin           : 0;
            position         : relative;
            overflow         : hidden;
            display          : inline-block;
        }

        .accordionHor .ending {
            display : none;
        }

        .accordionHor .panel .title {
            background-image    : url(images/accordion_title_h.png);
            background-position : 0 0;
            width               : 16px;
            color               : white;
            font-size           : 11px;
            padding             : 4px;
            position            : relative;
            display             : block;
            height              : 100%;
            float               : left;
            cursor              : pointer;
        }

        .accordionHor .panel .title .icon {
            width    : 12px;
            height   : 10px;
            position : relative;
            margin   : 0 auto;
        }

        .accordionHor .panel .title:hover {
            background-position : -48px 0;
            color               : white;
        }

        .accordionHor .panel .Active {
            background-position : 0 0;
        }

        .accordionHor .panel .NotActive {
            background-position : -72px 0;
            color               : white;
        }

        .accordionHor .panel .body {
            position : relative;
            display  : none;
            float    : left;
            height   : 100%;
        }

        .accordionHor .panel .body .header {
            font-size           : 14px;
            font-weight         : bold;
            background-image    : url(images/accordion_header.png);
            background-position : 0 0;
            background-repeat   : repeat-x;
            padding             : 10px 10px 12px 10px;
            color               : white;
            margin-top          : 15px;
            white-space         : nowrap;
        }
        .accordionHor .panel .body .content {
            padding     : 5px;
            overflow    : hidden;
            white-space : nowrap;
        }
    ]]></a:style>

    <a:presentation>
        <a:main container="." direction="horizontal">
            <div class="accordionHor"> </div>
        </a:main>
        <a:panel container="div[2]/div[2]" title="div" body="div[2]" icon="div/div" header="div[2]/div" content="div[2]/div[2]">
            <span class="panel">
                <div class="title NotActive">
                    <div class="icon"> </div>
                </div>
                <div class="body">
                    <div class="header"> </div>
                    <div class="content"> </div>
                </div>
            </span>
        </a:panel>
        <a:ending container=".">
            <span class="ending"/>
        </a:ending>
    </a:presentation>
</a:accordion>
<a:accordion name="accordion_vertical">
    <a:style><![CDATA[
        .accordionVer {
            overflow : auto;
            color    : #333;
            height   : auto;
            width    : 100%;
            position : absolute;
            padding  : 0;
            border   : 1px solid #d7d7d7;
        }

        .accordionVer .panel {
            padding          : 0;
            font-size        : 11px;
            font-family      : Tahoma, Arial;
            background-color : white;
            height           : auto;
            margin           : 0;
            position         : relative;
            overflow         : hidden;
        }

        .accordionVer .ending {
            display : none;
        }

        .accordionVer .panel .title {
            background-image    : url(images/accordion_title.png);
            background-position : 0 0;
            height              : 16px;
            color               : white;
            font-size           : 11px;
            padding             : 4px;
            position            : relative;
            display             : block;
            cursor              : pointer;
        }

        .accordionVer .panel .title .icon {
            width    : 12px;
            height   : 10px;
            position : absolute;
            right    : 7px;
            top      : 7px;
        }

        .accordionVer .panel .title:hover {
            background-position : 0 -48px;
            color               : white;
            cursor              : pointer;
        }

        .accordionVer .panel .Active {
            background-position : 0 0;
        }

        .accordionVer .panel .NotActive {
            background-position : 0 -72px;
            color               : white;
        }

        .accordionVer .panel .body {
            position    : relative;
            padding     : 3px;
            display     : none;
            overflow    : hidden;
            white-space : nowrap;
            height      : 100%;
        }
    ]]></a:style>
    <a:presentation>
        <a:main container="." direction="vertical">
            <div class="accordionVer"> </div>
        </a:main>
        <a:panel container="div[2]" title="div" body="div[2]" icon="div/div">
            <div class="panel">
                <div class="title NotActive">
                    <div class="icon"> </div>
                </div>
                <div class="body"> </div>
            </div>
        </a:panel>
        <a:ending container=".">
            <span class="ending"/>
        </a:ending>
    </a:presentation>
</a:accordion></a:skin>