<a:skin xmlns:a="http://ajax.org/2005/aml"><a:fastlist name="fastlist">
    <a:style><![CDATA[
        .fastlist{
            width: 200px;
            height: 500px;
            position: relative;
            border: 1px solid white;
            border-color: gray white white gray;
            background-color: white;
            cursor: default;
            overflow: hidden;
        }

        .fastlist, .dragfastlist{
            font-family: Tahoma, Arial;
            font-size: 8pt;
        }

        .fastlist INPUT{
            float: left;
            margin: -1px 0 0 0;
            display: none;
        }

        .fastlist DIV, .dragfastlist{
            padding: 0;
            height: 18px;
        }

        .fastlist SPAN, .dragfastlist SPAN{
            padding: 0 0 0 20px;
            background: url(icons/icoMailFolder.gif) no-repeat 1px center;
            height: 16px;
            float: left;
        }

        .fastlist U, .dragfastlist U{
            text-decoration: none;
            color: black;
            cursor: default;
            display: block;
            padding: 2px 4px 2px 2px;
            text-decoration: none;
            white-space: nowrap;
        }

        .fastlist .selected U{
            background-color: #CCCCCC;
            color: black;
        }
        .fastlist.fastlistFocus .selected U, .dragfastlist U{
            color: white;
            background-color: midnightblue;
        }
        .fastlist .indicate U{
            border: 1px dotted gray;
            padding: 1px 3px 1px 1px;
        }
        .fastlist.fastlistFocus .selected A:hover{color: white;}

        .fastlist #txt_rename{
            border: 1px solid black;
            padding: 1px 15px 1px 1px;
            font-family: Tahoma, Arial;
            font-size: 8pt;
            color: black;
            word-break: keep-all;
            overflow: visible;
            margin-top : 0px;
            cursor: text;
        }

        .fastlist .empty{
            text-align: center;
            padding: 3px 0 0 0;
        }
    ]]></a:style>

    <a:presentation>
        <a:main container=".">
            <div class="fastlist">
            </div>
        </a:main>
        <a:item class="." caption="span/u/node()" icon="span" select="span">
            <div><span><u>-</u></span></div>
        </a:item>
        <a:dragindicator>
            <div class="dragfastlist"><span><u>-</u></span></div>
        </a:dragindicator>
        <a:loading>
            <div class="loading">Loading...</div>
        </a:loading>
        <a:empty caption=".">
            <div class="empty">-</div>
        </a:empty>
    </a:presentation>
</a:fastlist></a:skin>