<a:skin xmlns:a="http://ajax.org/2005/aml"><a:progressbar name="progressbar">
    <a:style><![CDATA[
        .progressbar {
            position: relative;
            width: 147px;
            height : 8px;
            cursor : default;
        }

        .progressbar .lbl {
            position: relative;
            background: url("images/bar_right.png") no-repeat top left;
            font-family : Tahoma, Arial;
            font-size : 9px;
            float : right;
            height : 8px;
            width: 30px;
            padding: 0;
            _margin: 0 0 0 -4px;
        }

        .progressbar .lbl span {
                display: block;
                position: absolute;
                top: -2px;
                left: 6px;
        }

        .progressbar .left{
            background: url("images/bar_left.png") no-repeat top left;
            height: 8px;
            margin: 0 30px 0 0;
            _margin: 0;
        }

        .lowlabel{
        }

        .lowlabel .lbl{
            position: static;
            width: 4px;
        }

        .lowlabel .lbl span {
            display: block;
            positiom: absolute;
            top: 10px;
            left: 0;
        }

        .lowlabel .left {
            margin: 0 4px 0 0;
        }

        .progressbarDisabled {
            color: #bebebe;
        }

        .progressbarDisabled .left {
            background-position: left -8px;
        }

        .progressbarDisabled .lbl{
            background-position: left -8px;
        }

        .progressbar .filledbar {
            background: url("images/progressbar.png") no-repeat top left;
            height: 8px;
            overflow: hidden;
            padding : 0 0 0 3px;
            border-right : 1px solid #327fbd;
            display : none;
            width : 0%;
            margin-right: -1px;
            _margin-right: -4px;
            z-index: 1000;
        }

        .progressbarDisabled .filledbar {
            background-position: 0 -8px;
            border-right : 1px solid #cfd0d0;
        }

        .progressbarDisabled .left{
            background-position: left -8px;
        }

        .progressbarRunning .filledbar{
            display: block;
        }

        .progressbarComplete .left {
            background: url("images/progressbar.png") no-repeat top left;

        }

        .progressbarComplete .lbl {
            background: url("images/progressbar.png") no-repeat -496px 0;
        }

    ]]></a:style>
    <a:style condition="apf.isIE7">
	.progressbar .lbl {
	    margin: 0;
	}
    </a:style>

    <a:presentation>
        <a:main progress="div[2]/div" caption="div[1]/span/text()">
            <div class="progressbar">
                <div class="lbl"><span>0%</span></div>
                <div class="left">
                    <div class="filledbar"> </div>
                </div>
            </div>
        </a:main>
    </a:presentation>
</a:progressbar></a:skin>