{
    "script": "<script type=\"text/javascript\" charset=\"utf-8\">\n^^\n</script>",
    "csslink": "<link rel=\"stylesheet\" href=\"^^\" type=\"text/css\" />",
    "amailto": "<a href=\"mailto:^^\"></a>",
    "table": "<table>\n    ^^\n</table>",
    "tr": "<tr>\n    ^^\n</tr>",
    "td": "<td>^^</td>",
    "divc": "<div class=\"^^\"></div>",
    "div": "<div>^^</div>",
    "spanc": "<span class=\"^^\"></span>",
    "span": "<span>^^</span>",
    "lorem": "Lorem ipsum dolor sit amet, consectetuer adipiscing elit,\nsed diam nonummy nibh euismod tincidunt ut laoreet dolore\nmagna aliquam erat volutpat. Ut wisi enim ad minim veniam,\nquis nostrud exerci tation ullamcorper suscipit lobortis nisl\nut aliquip ex ea commodo consequat. Duis autem vel eum iriure\ndolor in hendrerit in vulputate velit esse molestie consequat,\nvel illum dolore eu feugiat nulla facilisis at vero eros et\naccumsan et iusto odio dignissim qui blandit praesent luptatum\nzzril delenit augue duis dolore te feugait nulla facilisi.\nNam liber tempor cum soluta nobis eleifend option congue\nnihil imperdiet doming id quod mazim placerat facer possim\nassum. Typi non habent claritatem insitam; est usus legentis\nin iis qui facit eorum claritatem. Investigationes\ndemonstraverunt lectores legere me lius quod ii legunt saepius.\nClaritas est etiam processus dynamicus, qui sequitur mutationem\nconsuetudium lectorum. Mirum est notare quam littera gothica,\nquam nunc putamus parum claram, anteposuerit litterarum formas\nhumanitatis per seacula quarta decima et quinta decima. Eodem\nmodo typi, qui nunc nobis videntur parum clari, fiant sollemnes\nin futurum.^^"
}