<?xml version='1.0'?>
<a:skin xmlns:a="http://ajax.org/2005/aml" xmlns="http://www.w3.org/1999/xhtml">
   <a:bar name="bar">
        <a:style><![CDATA[
            .barQuickSearch{
                position : relative;

                -webkit-border-top-left-radius: 0px;
                -webkit-border-top-right-radius: 0px;
                -webkit-border-bottom-right-radius: 8px;
                -webkit-border-bottom-left-radius: 8px;
                -moz-border-radius-topleft: 0px;
                -moz-border-radius-topright: 0px;
                -moz-border-radius-bottomright: 8px;
                -moz-border-radius-bottomleft: 8px;
                border-top-left-radius: 0px;
                border-top-right-radius: 0px;
                border-bottom-right-radius: 8px;
                border-bottom-left-radius: 8px;

                border-left: 1px solid #b8b8b8;
                border-right: 1px solid #b8b8b8;
                border-bottom: 1px solid #b8b8b8;

                background-color: #e8e8e8;
                background: -webkit-gradient(linear,left bottom,left top,color-stop(0, rgb(232,232,232)),color-stop(1, rgb(227,227,227)));
                background:-moz-linear-gradient(center bottom,rgb(232,232,232) 0%,rgb(227,227,227) 100%);
            }
            
            .barQuickSearch .searchbox_textbox .sbtb_middle input {
                width: 190px;
            }
            
            #divSearchCount {
                position: absolute;
                width: auto;
                height: 19px;
                right: 73px;
                top: 2px;
            }
            
            #divSearchCount .searchIter,
            #divSearchCount .searchTotal {
                color: #aaa;
                font-size: 11px;
                height: 19px;
                line-height: 20px;
                text-align: center;
                vertical-align: middle;
                display:inline;
                float: left;
            }
            
            #divSearchCount .searchIter {
                margin: 0 1px 0 0;
                padding: 0 0 0 7px;
            }
            
            #divSearchCount .searchTotal {
                margin: 0;
                padding: 0 5px 0 2px;
            }
        ]]></a:style>

        <a:presentation>
            <a:main container=".">
                <div class="barQuickSearch">
                </div>
            </a:main>
        </a:presentation>
    </a:bar>

    <a:button name="btnsearchicon">
        <a:style><![CDATA[
            .btnsearchicon {
                cursor             : pointer;
                position           : relative;
                -moz-user-select   : none;
                -khtml-user-select : none;
                user-select        : none;
                
            }
            .btnsearchicon .lbl {
                width              : 20px;
                height             : 21px;
                padding-top        : 4px;
                overflow           : hidden;
            }
            .btnsearchicon span {
                height: 20px;
                display: block;
                background-repeat:no-repeat;
                background-position: 2px 1px;
            }

            .btnsearchiconOver span {
                background-position: 2px -20px;
            }
            .btnsearchiconDown span {
                background-position: 2px -40px;
            }
        ]]></a:style>
        <a:presentation>
            <a:main
              caption    = "div[1]/text()"
              label      = "div[1]/text()"
              background = "."
              icon       = "div[1]/span"
              minwidth   = "20">
                <div class="btnsearchicon">
                    <div class="lbl">-
                        <span></span>
                    </div>
                 </div>
            </a:main>
        </a:presentation>
    </a:button>
    <a:button name="btnquicksearchnav">
        <a:style><![CDATA[
            .btnquicksearchnav {
                height             : 22px;
                cursor             : pointer;
                position           : relative;
                -moz-user-select   : none;
                -khtml-user-select : none;
                user-select        : none;
                width              : 20px;
             }
            .btnquicksearchnav .lbl{
                background-color: #e5e5e5;
                background: -webkit-gradient(linear,left bottom,left top,color-stop(0, rgb(229,229,229)),color-stop(1, rgb(248,248,248)));
                background:-moz-linear-gradient(center bottom,rgb(229,229,229) 0%,rgb(248,248,248) 100%);
                color: #333333;
                border: 1px solid #afafaf;
                margin: 0;
                outline: none;
                font-family: Tahoma, Arial;
                font-size: 12px;
                text-overflow: ellipsis;
                -webkit-box-shadow: 0px 1px 0px #ffffff;
                -moz-box-shadow: 0px 1px 0px #ffffff;
                box-shadow: 0px 1px 0px #ffffff;
                height : 22px;
                padding-top: 1px;
            }

            .btnquicksearchnavOver .lbl {
                background: -webkit-gradient(linear,left bottom,left top,color-stop(0, rgb(237,237,237)),color-stop(1, rgb(254,254,254)));
                background:-moz-linear-gradient(center bottom,rgb(237,237,237) 0%,rgb(254,254,254) 100%);
            }
            .btnquicksearchnavDown .lbl {
                background: -webkit-gradient(linear,left bottom,left top,color-stop(0, rgb(248,248,248)),color-stop(1, rgb(229,229,229)));
                background:-moz-linear-gradient(center bottom,rgb(248,248,248) 0%,rgb(229,229,229) 100%);
            }

            .btnquicksearchnav.btnquicksearchnavLeft .lbl {
                border-right: none;
                border-left: none;
            }
            .btnquicksearchnav.btnquicksearchnavRight .lbl{
                border-left: none;
                -webkit-border-top-left-radius: 0px;
                -webkit-border-top-right-radius: 4px;
                -webkit-border-bottom-right-radius: 4px;
                -webkit-border-bottom-left-radius: 0px;
                -moz-border-radius-topleft: 0px;
                -moz-border-radius-topright: 4px;
                -moz-border-radius-bottomright: 4px;
                -moz-border-radius-bottomleft: 0px;
                border-top-left-radius: 0px;
                border-top-right-radius: 4px;
                border-bottom-right-radius: 4px;
                border-bottom-left-radius: 0px;
            }

            .btnquicksearchnav .lbl {
                
            }
            .btnquicksearchnav span {
                background-repeat:no-repeat;
                display: block;
                height: 22px;
                background-position:center center;
            }

            .btnquicksearchnav .btnDivider {
                z-index: 1;
                border-color: transparent white transparent #C3C3C3;
                border-left:1px solid #C3C3C3;
                border-right:1px solid white;
                border-style:none solid;
                border-width:medium 1px;
                cursor:default;
                height:17px;
                line-height:0;
                position:absolute;
                right: -1px;
                top:4px;
                width:0;
                display: none;
            }

            .btnquicksearchnav.withDivider .btnDivider {
                display: block;
            }
        ]]></a:style>
        <a:presentation>
            <a:main
              caption    = "div[1]/text()"
              label      = "div[1]/text()"
              background = "."
              icon       = "div[1]/span"
              minwidth   = "20">
                <div class="btnquicksearchnav">
                    <div class="lbl">-
                        <span></span>
                        <div class="btnDivider"></div>
                    </div>
                 </div>
            </a:main>
        </a:presentation>
    </a:button>
</a:skin>
