<?xml version='1.0'?>
<a:skin xmlns:a="http://ajax.org/2005/aml">
    <a:include src="bar.xml" />
    <a:include src="button.xml" />
    <a:include src="checkbox.xml" />
    <a:include src="codeeditor.xml" />
    <a:include src="datagrid.xml" />
    <a:include src="divider.xml" />
    <a:include src="dropdown.xml" />
    <a:include src="checkbox.xml" />
    <a:include src="frame.xml" />
    <a:include src="img.xml" />
    <a:include src="label.xml" />
    <a:include src="list.xml" />
    <a:include src="menu.xml" />
    <a:include src="modalwindow.xml" />
    <a:include src="pages.xml" />
    <a:include src="radiobutton.xml" />
    <a:include src="scrollbar.xml" />
    <a:include src="slider.xml" />
    <a:include src="splitbutton.xml" />
    <a:include src="splitter.xml" />
    <a:include src="spinner.xml" />
    <a:include src="statusbar.xml" />
    <a:include src="tab.xml" />
    <a:include src="text.xml" />
    <a:include src="textbox.xml" />
    <a:include src="toolbar.xml" />
    <a:include src="tree.xml" />
</a:skin>