<a:skin xmlns:a="http://ajax.org/2005/aml"><a:codeeditor name="codeeditor">
    <a:style><![CDATA[
        .ace_editor {
          position: relative;
          overflow: hidden;
        }

        .ace_scroller {
          position: absolute;
          overflow-x: scroll;
          overflow-y: hidden;
          background-color: #fbfbfb;
          -webkit-border-top-left-radius: 6px;
          -moz-border-radius-topleft: 6px;
          border-top-left-radius: 6px;
          top: 0;
          bottom: 0
        }

        .ace_gutter {
          position: absolute;
          overflow-x: scroll;
          overflow-y: hidden;
          height: 100%;
        }

        .ace_editor .ace_sb {
          position: absolute;
          overflow-x: hidden;
          overflow-y: scroll;
          right: 0;
        }

        .ace_editor .ace_sb div {
          position: absolute;
          width: 1px;
          left: 0px;
        }

        .ace_editor .ace_printMargin {
          position: absolute;
          height: 100%;
          width: 1px;
          background-color: rgb(191, 191, 191);
        }

        .ace_layer {
          z-index: 0;
          position: absolute;
          overflow: hidden;
          white-space: nowrap;
          height: 100%;
        }

        .ace_text-layer {
          font-family: Monaco, Menlo, Consolas, monospace;
          color: black;
        }

        .ace_cursor-layer {
          cursor: text;
        }

        .ace_cursor {
          z-index: 3;
          position: absolute;
        }

        .ace_line {
          white-space: nowrap;
        }

        .ace_marker-layer {
        }

        .ace_marker-layer .ace_step, .ace_marker-layer .ace_stack {
          position: absolute;
          z-index: 2;
        }

        .ace_marker-layer .ace_selection {
          position: absolute;
          z-index: 3;
        }

        .ace_marker-layer .ace_bracket {
          position: absolute;
          z-index: 4;
        }

        .ace_marker-layer .ace_active_line {
          position: absolute;
          z-index: 1;
        }

        .ceDisabled {
            border: 1px solid #c3c3c3;
            color: #bebebe;
        }

        .ceError{
            border: 1px solid #ffb500;
            padding : 5px;
        }

        /*** TM ***/

       .ace_gutter-layer .ace_gutter-cell.ace_breakpoint {
          background-image: url("icons/debugger/brkp_obj.png");
          background-repeat: no-repeat;
          background-position: 2px center;
       }

       .ace_gutter-layer .ace_gutter-cell.ace_breakpoint.ace_arrow {
          background-image: url("icons/debugger/brkp_obj_current_line.png");
          background-repeat: no-repeat;
          background-position: 2px center;
       }

       .ace_gutter-layer .ace_gutter-cell.ace_arrow {
          background-image: url("icons/debugger/current_line.png");
          background-repeat: no-repeat;
          background-position: 2px center;
       }

       .ace_gutter-layer .ace_gutter-cell.ace_stack {
          background-image: url("icons/debugger/stack_co.png");
          background-repeat: no-repeat;
          background-position: 2px center;
       }
    ]]></a:style>
    <a:presentation>
        <a:main content=".">
            <div class="ce"> </div>
        </a:main>
    </a:presentation>
</a:codeeditor></a:skin>