<a:skin xmlns:a="http://ajax.org/2005/aml">
<!--a:menu name="menu">
    <a:style><![CDATA[
        .menu {
            background: -webkit-gradient(linear,left bottom,left top,color-stop(0, rgb(245,245,245)),color-stop(0.2, rgb(255,255,255)));
            background: -moz-linear-gradient(center bottom,rgb(245,245,245) 0%,rgb(255,255,255) 20%);
            margin: 0 0 0 0;
            padding: 0;
            z-index: 10000;
            position: absolute;
            font-family: Tahoma, Arial;
            font-size: 11px;
            color : #333;
            border : 1px solid #999999;
            display : none;
            -webkit-box-shadow: 0px 5px 15px #444444;
            -moz-box-shadow: 0px 5px 15px #444444;
            box-shadow: 0px 5px 15px #444444;
        }

        .menu blockquote {
            list-style-type: none;
            margin: 0;
            padding: 0;
            border: 0;
        }

        .menu div{
            padding: 4px 16px 4px 23px;
            white-space: nowrap;
            cursor : default;
        }
        .menu>div{
            height: 13px;
        }
        .menu div.hover{
            background: -webkit-gradient(linear,left bottom,left top,color-stop(0, rgb(51,124,188)),color-stop(1, rgb(64,145,216)));
            background: -moz-linear-gradient(center bottom,rgb(51,124,188) 0%,rgb(64,145,216) 100%);
            color : white;
        }

        .menu div.menu_divider{
            border-style: solid;
            border-width: 1px 0 0 0;
            border-color: #c3c3c3;
            overflow: visible;
            margin: 1px 3px 1px 3px;
            padding: 0;
            font-size: 1px;
        }

        .menu>div.menu_divider{
            height: 0;
        }

        .menu div span{
            right: 15px;
            margin-top: 0px;
            z-index: 10;
            text-align: right;
            padding-left: 15px;
            /*margin-right: -15px;
            position : absolute;*/
            float : right;
        }

        .menu div.submenu span{
            background: url(images/submenu_arrow.gif) no-repeat right top;
            width: 4px;
            height: 7px;
            display: block;
            position: absolute;
            right: 8px;
            margin: 3px 0 0 0;
            z-index: 10;
        }

        .menu div.hover span{
            background-position : right -15px;
        }

        .menu div.disabled{
            color: gray;
            /*text-shadow : rgba(255, 255, 255, .71) 1px 1px 1px;*/
        }
        .menu div.disabled span{
            display : none;
        }

        .menu u{
            width: 16px;
            height: 16px;
            position: absolute;
            left: 3px;
            margin-top : -1px;
        }

        .menu div.selected u{
            background-image: url(images/radio.gif);
            background-repeat: no-repeat;
            background-position: 0 0;
        }

        .menu div.checked u{
            background-image: url(images/check.gif);
            background-repeat: no-repeat;
            background-position: 0 0;
        }

        .menu div.hover u{
            background-position : 0 -16px;
        }
    ]]></a:style>
    <a:presentation>
        <a:main container="blockquote" overlay="strong">
            <blockquote class="menu">
                <blockquote>

                </blockquote>
            </blockquote>
        </a:main>
        <a:item caption="text()" icon="u" hotkey="span" inherit="true">
            <div><span> </span><u> </u>-</div>
        </a:item>
        <a:divider inherit="true">
            <div class="menu_divider"/>
        </a:divider>
    </a:presentation>
</a:menu-->
<a:menu name="menu">
    <a:style><![CDATA[
        .menu {
            margin: 0 0 0 0;
            padding: 3px 0 3px 0;
            z-index: 10000;
            position: absolute;
            
            font-family   : Tahoma, Arial;
            font-size     : 11px;
            line-height   : 14px;
            color         : #f1f1f1;
            cursor:default;
            
            display : none;
            border:1px solid rgba(255, 255, 255, 0.1);
            
            -moz-box-shadow    : 0px 3px 15px 0px rgba(0, 0, 0, 0.65);
            -webkit-box-shadow : 0px 3px 15px 0px rgba(0, 0, 0, 0.65);
            box-shadow         : 0px 3px 15px 0px rgba(0, 0, 0, 0.65);
            
            background-color   : #1c1c1c;
            filter             : progid:DXImageTransform.Microsoft.gradient(GradientType=0,startColorstr='#1c1c1c', endColorstr='#262626');
            -ms-filter         : "progid:DXImageTransform.Microsoft.gradient(GradientType=0,startColorstr='#1c1c1c', endColorstr='#262626')";
            background         : -webkit-gradient(linear, left top, left bottom, from(#1c1c1c), color-stop(0.9, #262626));
            background         :-moz-linear-gradient(center bottom, #262626 0%, #1c1c1c 20%) repeat scroll 0 0 transparent;
        }

        .menu blockquote {
            list-style-type: none;
            margin: 0;
            padding: 0;
            border: 0;
        }

        .menu div{
            padding: 3px 16px 5px 23px;
            white-space: nowrap;
            cursor : default;
        }
        .menu>div{
            height: 13px;
        }
        .menu div.hover {
            background-color : #292929;
        }

        .menu div.menu_divider{
            overflow: visible;
            padding: 0;
            font-size: 1px;
            
            margin:2px 3px;
            border-top:1px solid #000000;
            border-bottom:1px solid #313131;
        }

        .menu>div.menu_divider{
            height: 0;
        }

        .menu div span{
            right: 15px;
            margin-top: 0px;
            z-index: 10;
            text-align: right;
            padding-left: 15px;
            /*margin-right: -15px;
            position : absolute;*/
            float : right;
        }

        .menu div.submenu span{
            background: url(images/submenu_arrow.gif) no-repeat right -15px;
            width: 4px;
            height: 7px;
            display: block;
            position: absolute;
            right: 8px;
            margin: 3px 0 0 0;
            z-index: 10;
        }

        .menu div.hover span{
            background-position : right -15px;
        }

        .menu div.disabled{
            color: gray;
            /*text-shadow : rgba(255, 255, 255, .71) 1px 1px 1px;*/
        }
        .menu div.disabled span{
            display : none;
        }

        .menu u{
            width: 16px;
            height: 16px;
            position: absolute;
            left: 3px;
            margin-top : -1px;
        }

        .menu div.selected u{
            background-image: url(images/radio.gif);
            background-repeat: no-repeat;
            background-position: 0 -16px;
        }

        .menu div.checked u{
            background-image: url(images/check.gif);
            background-repeat: no-repeat;
            background-position: 0 -16px;
        }
    ]]></a:style>
    <a:presentation>
        <a:main container="blockquote" overlay="strong">
            <blockquote class='menu'>
                <blockquote>

                </blockquote>
            </blockquote>
        </a:main>
        <a:item caption="text()" icon="u" hotkey="span" inherit="true">
            <div><span> </span><u> </u>-</div>
        </a:item>
        <a:divider inherit="true">
            <div class='menu_divider'></div>
        </a:divider>
    </a:presentation>
</a:menu>
<a:menu name="dockwindowbasic">
    <a:style><![CDATA[
        .dockwindowbasic{
            position : relative;
            background: #333;
            border : 1px solid #333;
            /*-moz-border-radius: 7px 0 0 0;
            -webkit-border-radius: 7px 0 0 0;*/
            margin-left : -42px;
            margin-top : 10px;
            border-top : 3px solid #333;
            -webkit-box-shadow: -3px 3px 8px rgba(0, 0, 0, 0.2);
            -moz-box-shadow: -3px 3px 8px rgba(0, 0, 0, 0.2);
            box-shadow: -3px 3px 8px rgba(0, 0, 0, 0.2);
        }
        
        .dockwindowbasic .page {
            overflow: hidden;
        }
    ]]></a:style>

    <a:presentation>
        <a:main container=".">
            <div class="dockwindowbasic">
            </div>
        </a:main>
    </a:presentation>
</a:menu>
</a:skin>