<a:skin xmlns:a="http://ajax.org/2005/aml">
<a:modalwindow name="fm-window">
    <a:style><![CDATA[
        .fm-window {
            position : relative;
            overflow : hidden;
			z-index	 : 10000;
            padding  : 30px 0 0 0;
        }
        
        .fm-window .fm-header {
            position : relative;
            overflow : hidden;
            height   : 30px;
            top      : -30px;
        }
        
        .fm-window .fm-header .hcontent {
            background    : url(images/header_backg.png)  repeat-x 0 0;
            margin-right  : 6px;
            position      : relative;
            overflow      : hidden;
            height        : 24px;
            padding       : 6px 0 0 6px;
            font-family : Tahoma, Arial;
            font-size   : 12px;
            line-height:16px;
            font-weight : bold;
            color       : #1d4566;
            text-shadow   : rgba(255, 255, 255, 0.25) 0px 1px 0px;
        }
        
        .fm-window .fm-header .right {
            width:6px;
            height:30px;
            position:absolute;
            top:0;
            right:0;
            background:url(images/header_right.png) no-repeat 0 0;
        }

        .fm-window .fm-content {
            position:absolute;
            overflow:visible;
            border-right:1px solid #7b7b7b;
            left : 0;
            top  : 30px;
            right : 0;
            bottom : 0;
        }
    ]]></a:style>
    
    <a:presentation>
        <a:main 
          collapsed-height = "30"
          minheight        = "30"
          minwidth         = "60"
          container        = "div[2]" 
          drag             = "div[2]" 
          title            = "div[1]/div[1]/text()" 
          icon             = "div[1]/div[1]/div[1]"
          buttons          = "div[1]/div[1]/div[2]">
            <div class="fm-window">
                <div class="fm-header">
                    <div class="hcontent">-<div class="icon"></div><div class="buttons"></div></div>
                    <div class="right"></div>
                </div>
                <div class="fm-content"> </div>
            </div>
        </a:main>
        <a:button>
            <div> </div>
        </a:button>
    </a:presentation>
</a:modalwindow>
<a:modalwindow name="dockwin">
    <a:alias>panel</a:alias>

    <a:style><![CDATA[
        .dockwin {
            font-family : "Arial";
            font-size   : 11px;
            padding     : 19px 0 1px 0;
            position    : relative;
            overflow    : hidden;
        }

        .smallheader.dockwin {
            padding-top: 12px;
        }

        .dockwinFocus {

        }

        .dockwin .docktitle {
            background   : -webkit-gradient(linear,left bottom,left top,color-stop(0, rgb(51,124,188)),color-stop(0.93, rgb(64,145,216)),color-stop(1, rgb(55,120,176)));
            background   : -moz-linear-gradient(center bottom,rgb(51,124,188) 0%,rgb(64,145,216) 93%,rgb(55,120,176) 100%);
            height       : 17px;
            color        : white;
            position     : absolute;
            margin       : 0;
            padding      : 2px 0 0 7px;
            top          : 0;
            left         : 0;
            right        : 0;
            font-weight  : bold;
            margin-top   : 0;
            cursor       : default;
            white-space  : nowrap;
            overflow     : hidden;
            text-shadow  : rgba(17, 92, 158, .71) 0px 1px 0px;
            border-bottom : 1px solid #1d3a55;
            border-radius : 4px 4px 0 0;
            text-transform:uppercase;
            -moz-border-radius: 4px 4px 0 0;
            -webkit-border-top-right-radius: 4px;
            -webkit-border-top-left-radius: 4px;
        }

        .smallheader.dockwin .docktitle {
            height: 10px;
        }

        .nocorners .docktitle{
            -moz-border-radius: 0 0 0 0;
            -webkit-border-top-right-radius: 0;
            -webkit-border-top-left-radius: 0;
        }

        .dockwin .dockcontent {
            background    : #f5f5f5;
            // overflow   : hidden;
            position      : relative;
            border-bottom : 1px solid #8C8C8C;
            position      : absolute;
            top           : 19px;
            right         : 0;
            left          : 0;
            bottom        : 1px;
        }

        .smallheader.dockwin .dockcontent {
            top: 12px;
        }

        .noborder .dockcontent {
            border-width : 0;
        }

        .dockwinMin .dockcontent {
            overflow : hidden;
            position : relative;
        }

        .dockwin .docktitle blockquote {
            margin     : 0;
            width      : 49px;
            position   : absolute;
            padding    : 1px 1px 2px 0;
            top        : 0;
            right      : 0;
        }

        .dockwin .docktitle blockquote div {
            width      : 10px;
            height     : 6px;
            float      : right;
            margin-top : 5px;
            padding-bottom:3px;
            padding-left:3px;
            padding-right:0px;
            background : no-repeat 0 0;
            background-color    : transparent;
            cursor     : pointer;
            _overflow  : hidden; /* IE6 bug fix */
        }

        .smallheader.dockwin .docktitle blockquote div {
            margin-top: 1px;
        }

        .dockwin .docktitle blockquote div.hover {
            background-position : 0 -9px;
        }

        .dockwin .docktitle blockquote div.down {
            background-position : 0 -18px;
        }

        .dockwin .docktitle .max {
            background-image : url(images/win_max.gif);
        }

        .dockwinMax .docktitle .max {
            background-image : url(images/win_restore.gif);
        }

        .dockwin .docktitle .min {
            background-image : url(images/win_min.gif);
        }

        .dockwinMin .docktitle .min {
            background-image : url(images/win_restore.gif);
        }

        .dockwin .docktitle .close {
            width            : 11px;
            background-image : url(images/win_x.png);
        }
        .smallheader .docktitle .close {
            margin-right : -3px;
        }

        .dockwin .docktitle span {
            width   : 16px;
            height  : 16px;
            display : block;
        }

        body .whitebg .content {
            background : white;
        }

        .north{cursor : url(images/cursor/n-point.cur);}
        .west{cursor : url(images/cursor/w-point.cur);}
        .east{cursor : url(images/cursor/e-point.cur);}
        .south{cursor : url(images/cursor/s-point.cur);}
        .same{cursor : not-allowed;}
    ]]></a:style>

    <a:presentation>
        <a:main collapsed-height="22" min-width="150" min-height="80" caption="div[1]/text()" container="div[2]" drag="div[1]" title="div[1]/text()" buttons="div[1]/blockquote">
            <div class="dockwin">
                <div class="docktitle">-
                    <blockquote> </blockquote>
                </div>
                <div class="dockcontent"> </div>
            </div>
        </a:main>
        <a:button>
            <div> </div>
        </a:button>
        <a:cover>
            <div class="cover"> </div>
        </a:cover>
    </a:presentation>
</a:modalwindow>
<a:modalwindow name="change_photo">
    <a:alias>window</a:alias>
    <a:style><![CDATA[
        .winadv {
            position : relative;
            width    : 498px;
            overflow : hidden;
            padding  : 42px 11px 15px 11px;
            z-index  : 100000;
        }

        .winadv .wn_cp_corner_tl,
        .winadv .wn_cp_corner_tr,
        .winadv .wn_cp_corner_bl,
        .winadv .wn_cp_corner_br {
            position          : absolute;
            background-repeat : no-repeat;
        }

        .winadv .wn_cp_corner_tl {
            width               : 15px;
            height              : 42px;
            top                 : 0;
            left                : 0;
            background-image    : url(images/sprite_boxes_hor.png);
            background-position : 0 0;
        }

        .winadv .wn_cp_corner_tr {
            width               : 15px;
            height              : 42px;
            top                 : 0;
            right               : 0;
            background-image    : url(images/sprite_boxes_hor.png);
            background-position : 0 -42px;
        }

        .winadv .wn_cp_corner_bl {
            width               : 15px;
            height              : 15px;
            bottom              : 0;
            left                : 0;
            background-image    : url(images/sprite_boxes_hor.png);
            background-position : 0 -84px;
        }

        .winadv .wn_cp_corner_br {
            width               : 15px;
            height              : 15px;
            bottom              : 0;
            right               : 0;
            background-image    : url(images/sprite_boxes_hor.png);
            background-position : 0 -99px;
        }

        .winadv .wn_cp_border_t,
        .winadv .wn_cp_border_l,
        .winadv .wn_cp_border_r,
        .winadv .wn_cp_border_b {
            position : absolute;
            overflow : hidden;
        }

        .winadv .wn_cp_border_t {
            height            : 42px;
            top               : 0;
            left              : 15px;
            right             : 15px;
            background-repeat : repeat-x;
            background-image  : url(images/sprite_boxes_hor.png);
            background-position : 0 -114px;
        }

        .winadv .wn_cp_border_b {
            height            : 15px;
            bottom            : 0;
            left              : 15px;
            right             : 15px;
            background-repeat : repeat-x;
            background-image  : url(images/sprite_boxes_hor.png);
            background-position : 0 -156px;
        }

        .winadv .wn_cp_border_l {
            width             : 11px;
            bottom            : 15px;
            top               : 42px;
            left              : 0;
            background-repeat : repeat-y;
            background-image  : url(images/sprite_boxes_ver.png);
            background-position : 0 0;
        }

        .winadv .wn_cp_border_r {
            width             : 11px;
            bottom            : 15px;
            top               : 42px;
            right             : 0;
            background-repeat : repeat-y;
            background-image  : url(images/sprite_boxes_ver.png);
            background-position : -11px 0;
        }

        .winadv .wn_cp_border_t .wn_cp_title {
            font-size   : 15px;
            color       : #747475;
            font-weight : bold;
            font-family : Arial;
            text-shadow : rgba(255, 255, 255, 1) 0px 1px 0px;
            height      : 28px;
            padding     : 14px 0 0 6px;
            position    : relative;
            top         : 0;
            left        : 0;
            cursor      : default;
        }

        .winadv .wn_cp_border_t .wn_cp_buttons {
            float : right;
            margin : 11px 0 0 0;
            position : relative;
            z-index : 100;
        }

        .winadv .wn_cp_border_t .wn_cp_buttons div{
            color: #bfbfbf;
            font-size : 18px;
            font-family : Arial;
            margin : 3px;
            cursor : pointer;
            font-weight : bold;
        }
        .winadv .wn_cp_border_t .wn_cp_buttons div:hover{
            color: #7d7d7d;
        }
        
        .winadv .wn_cp_border_t .wn_cp_buttons .close {
            background: url(images/big_close.png) no-repeat 0 0;
            width: 14px;
            height: 15px;
            margin-top: 6px;
        }
        
        .winadv .wn_cp_border_t .wn_cp_buttons .close.hover {
            background-position: -15px 0;
        }
        
        .winadv .wn_cp_border_t .wn_cp_buttons .close.down {
            background-position: -30px 0;
        }
        
        .winadv .wn_cp_content {
            position            : relative;
            width               : 100%;
            height              : 100%;
            background-image    : url(images/change_photo_win_backg.png);
            background-position : 0 0;
            background-repeat   : repeat-x;
            background-color    : #eff1f4;
            color               : #222222;
            font-size           : 13px;
            font-family         : Arial;
        }

        .winadv .wn_cp_content > H3 {
            font-size   : 18px;
            color       : #333333;
            font-family : Arial;
            font-weight : bold;
            margin      : 0;
            display:block;
            position:relative;
            overflow:hidden;
        }

        .winadv .wn_cp_content H3.wheader {
            font-size   : 18px;
            color       : #333333;
            font-family : Arial;
            font-weight : bold;
            margin      : 0;
            display:block;
            position:relative;
            overflow:hidden;
        }

        .winadv .wn_cp_content > H4 {
            font-size   : 13px;
            color       : #222222;
            font-family : Arial;
            font-weight : bold;
            margin      : 0;
        }
    ]]></a:style>
    <a:style condition="apf.isChrome"><![CDATA[
        .winadv .wn_cp_border_t .wn_cp_title {
            height      : 25px;
            padding     : 17px 0 0 6px;
        }
        
        .winadv .wn_cp_border_t .wn_cp_buttons {
            margin : 13px 0 0 0;
        }
    ]]></a:style>

    <a:presentation>
        <a:main collapsed-height="26" minheight="50" minwidth="50" container="div[1]" drag="div[6]" title="div[6]/div[3]/text()" icon="div[6]/div[2]" buttons="div[6]/div[1]">
            <div class="winadv">
                <div class="wn_cp_content"/>
                <div class="wn_cp_corner_tl"/>
                <div class="wn_cp_corner_tr"/>
                <div class="wn_cp_corner_bl"/>
                <div class="wn_cp_corner_br"/>

                <div class="wn_cp_border_t">
                    <div class="wn_cp_buttons"/>
                    <div class="wn_cp_icon"/>
                    <div class="wn_cp_title">-</div>
                </div>
                <div class="wn_cp_border_b"/>
                <div class="wn_cp_border_l"/>
                <div class="wn_cp_border_r"/>
            </div>
        </a:main>
        <a:button>
            <div/>
        </a:button>
    </a:presentation>
</a:modalwindow>
</a:skin>