<a:skin xmlns:a="http://ajax.org/2005/aml"><a:scrollbar name="scrollbar">
    <a:style><![CDATA[
        .scrollbar{
            height: 100px;
            position: absolute;
            background: #D4D0C8 url(images/raster.gif);
            width: 16px;
            overflow: hidden;
        }

        .scrollbar .btnup, .scrollbar .btndown, .scrollbar .indicator{
            font-family: MS Sans Serif;
            font-size: 8pt;
            width : 100%;
            overflow: hidden;
            text-align: center;
            font-weight: bold;
            cursor: default;
            position : relative;
            background-color: #D4D0C8;

            -moz-border-top-colors: #D4D0C8 #FFFFFF;
            -moz-border-left-colors: #D4D0C8 #FFFFFF;
            -moz-border-bottom-colors: black gray;
            -moz-border-right-colors: black gray;
        }

        .scrollbar img{
            visibility : hidden;
        }

        .scrollbar .btnup div, .scrollbar .btndown div{
            border: 2px outset;
        }

        body .scrollbar .btnupdown div, body .scrollbar .btndowndown div{
            border: 1px solid gray;
            padding: 1px 1px 1px 1px;
        }

        body .scrollbar .btnupdown span, body .scrollbar .btndowndown span{
            margin : -1px 0 0 -3px;
        }

        .scrollbar .btndown span, .scrollbar .btnup span{
            position : absolute;
            left : 50%;
            top : 50%;
            width : 7px;
            height : 4px;
            margin : -2px 0 0 -4px;
        }

        .scrollbar .btnup span{
            background: #D4D0C8 url(images/scrollup.gif) no-repeat;
        }

        .scrollbar .btndown{
            position: absolute;
            bottom: 0px;
        }

        .scrollbar .btndown span{
            background: #D4D0C8 url(images/scrolldown.gif) no-repeat;
        }

        .scrollbar .indicator{
            height: 6px;
            display : none;
            position: absolute;
            overflow: hidden;
            background-color: #D4D0C8;
            width : 100%;
            padding-bottom : 4px;
        }
        .scrollbar .indicator div{
            border: 2px outset;
            height : 100%;
        }

        .scrollbar .slidefast{
            position: absolute;
            overflow: hidden;
            background-color: #353535;
            height: 10px;
            width: 100%;
            display: none;
            overflow: hidden;
        }

        .scrollbarDisabled .btnup span{
            background: #D4D0C8 url(images/scrollupdisabled.gif) no-repeat;
            width : 8px;
            height : 5px;
            margin : -3px 0 0 -4px;
        }
        .scrollbarDisabled .btndown span{
            background: #D4D0C8 url(images/scrolldowndisabled.gif) no-repeat;
            width : 8px;
            height : 5px;
            margin : -3px 0 0 -4px;
        }
    ]]></a:style>
    <a:style condition="apf.isIE &gt; 7"><![CDATA[
        .scrollbar .btnup div, .scrollbar .btndown div, .scrollbar .indicator div{
            border: 2px outset white;
        }
    ]]></a:style>

    <a:presentation>
        <a:main btnup="div[1]" indicator="div[2]" btndown="div[3]" slidefast="div[4]">
            <div class="scrollbar">
                <div class="btnup"><span> </span><div><img src="images/spacer.gif" width="100%"/></div></div>
                <div class="indicator"> <div> </div> </div>
                <div class="btndown"><span> </span><div><img src="images/spacer.gif" width="100%"/></div></div>
                <div class="slidefast"> </div>
            </div>
        </a:main>
    </a:presentation>
</a:scrollbar>
<a:scrollbar name="console_scrollbar">
    <a:style><![CDATA[
        .console_scrollbar {
            position            : relative;
            width               : 17px;
            overflow            : hidden;
            padding             : 6px 0 3px 0;
            background-repeat   : no-repeat;
            background-image    : url(images/scrollbar/sprite_ver_scrollbar.png);
            background-position : 0 0;
        }

        .console_scrollbar SPAN {
            width               : 17px;
            bottom              : 0;
            height              : 3px;
            position            : absolute;
            background-repeat   : no-repeat;
            background-image    : url(images/scrollbar/sprite_ver_scrollbar.png);
            background-position : -34px 0;
        }

        .console_scrollbar .filler {
            height              : 100%;
            width               : 17px;
            position            : absolute;
            top                 : 0;
            bottom              : 0;
            z-index             : 1;
        }
        .console_scrollbar .mainrail {
            height              : 100%;
            width               : 17px;
            position            : relative;
            background-image    : url(images/scrollbar/sprite_ver_scrollbar.png);
            background-position : -17px 0;
        }

        .console_scrollbarDisabled {
            
        }

        .console_scrollbarDisabled span {
            
        }

        .console_scrollbarDisabled .filler {
            
        }

        .console_scrollbar .indicator {
            height   : 6px;
            display  : none;
            position : absolute;
            overflow : hidden;
            width    : 18px;
            margin   : 0 0 0 0;
            min-height: 20px;
        }

        .console_scrollbar .indicator .indi_left {
            height              : 3px;
            width               : 18px;
            position            : absolute;
            top                 : 0;
            left                : 0;
            background-image    : url(images/scrollbar/grabber.png);
            background-repeat   : no-repeat;
            background-position : 0 0;
        }

        .console_scrollbar .indicator .indi_middle {
            background-image    : url(images/scrollbar/grabber.png);
            background-repeat   : no-repeat;
            background-position : 0px 50%;
            position            : absolute;
            top                 : 3px;
            bottom              : 3px;
            left                : 0;
            width               : 18px;
        }

        .console_scrollbar .indicator .indi_right {
            height              : 3px;
            width               : 18px;
            position            : absolute;
            bottom              : 0;
            left                : 0;
            background-image    : url(images/scrollbar/grabber.png);
            background-repeat   : no-repeat;
            background-position : 0 bottom;
        }

        .console_scrollbarDown .indicator .indi_left {
            background-position : -18px 0;
        }

        .console_scrollbarDown .indicator .indi_middle {
            background-position : -18px 50%;
        }

        .console_scrollbarDown .indicator .indi_right {
            background-position : -18px bottom;
        }
    ]]></a:style>
    <a:style condition="apf.isWebkit">
        .console_scrollbar{
            display : -webkit-box;
        }

        .console_scrollbar span{
            left : 0;
        }
        
        .console_scrollbar .mainrail {
            height : auto;
        }

        .console_scrollbar .filler{
            left : 0;
            height : auto;
            top : 0;
            bottom : 0;
        }
    </a:style>

    <a:presentation>
        <a:main indicator="div/div">
            <div class="console_scrollbar">
                <div class="filler">
                    <div class="indicator">
                        <div class="indi_left"/>
                        <div class="indi_middle"/>
                        <div class="indi_right"/>
                    </div>
                </div>
                <div class="mainrail"/>
                <span> </span>
            </div>
        </a:main>
    </a:presentation>
</a:scrollbar></a:skin>