<a:skin xmlns:a="http://ajax.org/2005/aml"><a:tab name="tab_console">
<a:style><![CDATA[
    .tab_console {
        padding : 0 0 0 0;
        border: 0px solid #8c8c8c;
        border-top: 1px solid #000000;
        margin : 0 auto;
        overflow: hidden;
        position:relative;
        padding-top: 28px;
    }

    .tab_console .btncontainer{
        padding : 5px 6px 1px;
        z-index : 100;
        height: 20px;
        overflow: visible;
        white-space: nowrap;
        color: #aaaaaa;
        text-shadow : rgba(0, 0, 0, 1) 0px 1px 0px;
        font-family : Arial;
        font-size : 12px;

        border-top: 1px solid #404040;
        border-bottom: 1px solid #000000;

        background: -webkit-gradient(linear,left bottom,left top,color-stop(0, #191919),color-stop(1, #292929));
        background: -moz-linear-gradient(center bottom,#191919 0%, #292929 100%);
        margin-top : -28px;
        width : auto;
    }

    .tab_console .btncontainer>div {
        display: block;
        display : inline-block;
        margin: 0 0 0 0;
        padding: 0;
        position : relative;
        vertical-align : bottom;
        height : 18px;
    }

    .tab_console .btncontainer .btntab {
        padding      : 4px 27px 2px 27px;
        position     : relative;
        margin-top:-1px;
        text-align: center;
    }

    .tab_console .btncontainer .btntab .tab_console_icon {
        height:16px;
        left:1px;
        position:absolute;
        top:1px;
        width:16px;
    }

    .tab_console .btncontainer .btntab .tab_console_title {
        overflow : hidden;
        padding  : 0 0 0 0;
    }

    .tab_console .btncontainer .btntab.btnclose .tab_console_title {
        margin-right : 15px;
    }

    .tab_console .scale .btntab .tab_console_title{
        display : block;
        overflow : hidden;
        text-overflow : ellipsis;
        white-space : nowrap;
    }

    .tab_console .btncontainer div.over {
        color: #ffffff;
        cursor: default;
    }

    .tab_console .btncontainer div.curbtn {
        color       : #cbfaa9;
        cursor      : default;
        z-index     : 10;
        background:url(images/console-tab-btn-curr.png) repeat-x 0 0;
        border-top: 1px solid #4f4f4f;
        z-index:101;
        padding      : 2px 27px 2px 27px;
        text-shadow   : rgba(0, 0, 0, 1) 0px 1px 0px;
    }

    .tab_console .scale .btntab .tab_console_middle {
        display : block;
        overflow : hidden;
        text-overflow : ellipsis;
        white-space : nowrap;
    }

    .tab_consoleFocus .curbtn{
    }

    .tab_console .btncontainer .btnclose strong {
        width               : 14px;
        height              : 14px;
        display             : block;
        position            : absolute;
        right               : 0;
        top                 : 7px;
        /*cursor              : default;*/
        background-image    : url(images/close_tab_btn.png);
        background-repeat   : no-repeat;
        background-position : 0 -14px;
    }

    .tab_console .btncontainer .btnclose strong:hover {
        background-position : -14px -14px;
    }

    .tab_console .btncontainer .btnclose strong:active {
        background-position : -28px -14px;
    }

    .tab_console .btncontainer .curbtn.btnclose strong {
        background-position : 0 0;
        top: 7px;
    }

    .tab_console .btncontainer .curbtn.btnclose strong:hover {
        background-position : -14px 0;
    }

    .tab_console .btncontainer .curbtn.btnclose strong:active {
        background-position : -28px 0;
    }

    .tab_console .page {
        display : none;
        position : absolute;
        top : 28px;
        bottom : 0;
        left : 0;
        right : 0;
        z-index : 10;
        margin: 0 auto;

        overflow: hidden;
        clear: both;
        font-family : Arial;
        font-family: 12px;
        color: #eeeeee;

        border-top: 1px solid #333333;

        background: -webkit-gradient(linear,left bottom,left top,color-stop(0, #2a2a2a),color-stop(1, #1d1d1d));
        background: -moz-linear-gradient(center bottom,#2a2a2a 0%,#1d1d1d 100%);
    }

    .tab_console .page.curpage{
        display : block;
    }
]]></a:style>
<a:style condition="apf.isChrome || apf.isSafari"><![CDATA[
    .tab_console .btncontainer .btntab {
        padding      : 5px 27px 1px 27px;
    }

    .tab_console .btncontainer div.curbtn {
        padding      : 3px 27px 1px 27px;
    }
]]></a:style>

<a:presentation>
    <a:main pages="." buttons="div[1]">
        <div class="tab_console">
            <div class="btncontainer"> </div>
        </div>
    </a:main>
    <a:button caption="div[2]/text()" container="div" icon="div[1]" maxwidth="90" minwidth="10">
        <div class="btntab">
            <div class="tab_console_icon"> </div>
            <div class="tab_console_title">-</div>
        </div>
    </a:button>
    <a:btnclose>
        <strong> </strong>
    </a:btnclose>
    <a:page container=".">
        <div class="page"> </div>
    </a:page>
</a:presentation>
</a:tab>
<a:tab name="editor_tab">
    <a:style><![CDATA[
    .editor_tab {
        padding : 0 0 0 0;
        margin : 0 auto;
        overflow: hidden;
        position:relative;
        padding-top: 32px;
        background-color:#e8e8e8;
    }

    .editor_tab .btnsesssioncontainer {
        padding : 5px 40px 0 21px;
        z-index : 100;
        height: 25px;
        overflow: visible;
        white-space: nowrap;
        color: #f5f5f5;
        font-family : Arial;
        font-size : 12px;
        border-bottom : 1px solid white;
        background: -webkit-gradient(linear,left bottom,left top,color-stop(0, #262829),color-stop(1, #2f3031));
        background: -moz-linear-gradient(center bottom,#262829 0%, #2f3031 100%);
        margin-top : -32px;
        width : auto;

        -moz-box-shadow    : 0px 1px 0px rgba(255, 255, 255, 0.05) inset;
        -webkit-box-shadow : 0px 1px 0px rgba(255, 255, 255, 0.05) inset;
        box-shadow         : 0px 1px 0px rgba(255, 255, 255, 0.05) inset;
    }

    .editor_tab .btnsesssioncontainer>div {
        cursor: default;
        display: block;
        display : inline-block;
        margin: 0 0 0 0;
        padding: 0;
        position : relative;
        vertical-align : bottom;
    }

    .editor_tab .btnsesssioncontainer .session_btn {
        padding      : 0 20px;
        position     : relative;
        margin-right : -20px;
        margin-top   : 0;
        height:25px;
        border-bottom:1px solid white;
    }

    .editor_tab .btnsesssioncontainer .session_btn .tab_middle {
        background-image    : url(images/editor_tab.png);
        background-position : 0 -104px;
        height              : 20px;
        position            : relative;
        overflow            : hidden;
        padding             : 5px 0 0 0;
    }

    .editor_tab .btnsesssioncontainer .session_btn .tab_middle .sessiontab_icon {
        height:8px;
        left:0;
        position:absolute;
        top:10px;
        width:5px;
    }

    .editor_tab .btnsesssioncontainer .session_btn .sessiontab_icon {
        background-repeat: no-repeat;
        background-position: 0 0;
    }
    
    .editor_tab .btnsesssioncontainer .sessiontab_saving {
        position: absolute;
        right: 0;
        top: 7px;
        z-index: 10;
    }
    
    .editor_tab .btnsesssioncontainer .loading_active .sessiontab_saving,
    .editor_tab .btnsesssioncontainer .saving_active .sessiontab_saving {
        height: 15px;
        width: 15px;
        background-image: url(images/tab-save-spinner-active.gif);
    }
    
    .editor_tab .btnsesssioncontainer .loading .sessiontab_saving,
    .editor_tab .btnsesssioncontainer .saving .sessiontab_saving {
        height: 13px;
        width: 13px;
        background-image: url(images/tab-save-spinner-inactive.gif);
    }
    
    .editor_tab .btnsesssioncontainer .over .sessiontab_saving {
        display: none;
    }

    /*.editor_tab .btnsesssioncontainer .saving_active .sessiontab_icon {
        background-image: url(images/save-indicator-active-tab.gif);  
    }
    .editor_tab .btnsesssioncontainer .saving .sessiontab_icon {
        background-image: url(images/save-indicator-inactive-tab.gif);
    }*/
    
    /*.editor_tab .btnsesssioncontainer .loading_active .sessiontab_icon {
        background-image: url(images/load-indicator-active-tab.gif);
    }

    .editor_tab .btnsesssioncontainer .loading .sessiontab_icon {
        background-image: url(images/load-indicator-inactive-tab.gif);
    }*/

    .editor_tab .btnsesssioncontainer .session_btn .tab_middle .sessiontab_title {
        overflow : hidden;
        padding  : 0 0 0 0;
        -moz-user-select: -moz-none;
        -khtml-user-select: none;
        -webkit-user-select: none;
        -o-user-select: none;
        user-select: none;
    }

    .editor_tab .btnsesssioncontainer .session_btn.btnclose .tab_middle .sessiontab_title {
        margin-right : 15px;
        margin-left : 4px;
    }

    .editor_tab .scale .session_btn .sessiontab_title{
        display : block;
        overflow : hidden;
        text-overflow : ellipsis;
        white-space : nowrap;
    }

    .editor_tab .btnsesssioncontainer .tab_left,
    .editor_tab .btnsesssioncontainer .tab_right {
        position            : absolute;
        height              : 25px;
        width               : 20px;
        background-image    : url(images/editor_tab.png);
        background-repeat   : no-repeat;
        top                 : 0;
    }

    .editor_tab .btnsesssioncontainer .tab_left {
        background-position : 0 -78px;
        left                : 0;
    }
    .editor_tab .btnsesssioncontainer .tab_right {
        background-position : 0 -130px;
        right               : 0;
    }

    .editor_tab .btnsesssioncontainer div.down {
        text-shadow: none;
        color: #d9d9d9;
    }

    .editor_tab .btnsesssioncontainer div.over .tab_middle {
        background-position : 0 -182px;
    }
    .editor_tab .btnsesssioncontainer div.over .tab_left {
        background-position : 0 -156px;
    }
    .editor_tab .btnsesssioncontainer div.over .tab_right {
        background-position : 0 -208px;
    }

    .editor_tab .btnsesssioncontainer div.curbtn {
        color       : #333333;
        cursor      : default;
        text-shadow : rgba(255, 255, 255, 1) 0px 1px 0px;
        z-index     : 10;
        height:25px;
        border-bottom:1px solid #e8e8e8;
    }

    .editor_tab .btnsesssioncontainer div.curbtn .tab_middle {
        background-position : 0 -26px;
        padding             : 6px 0 0 0;
        height:19px;
        color:#000000;
    }
    .editor_tab .btnsesssioncontainer div.curbtn .tab_left {
        background-position : 0 0;
    }
    .editor_tab .btnsesssioncontainer div.curbtn .tab_right {
        background-position : 0 -52px;
    }

    .editor_tab .scale .btn .tab_middle {
        display : block;
        overflow : hidden;
        text-overflow : ellipsis;
        white-space : nowrap;
    }

    .editor_tabFocus .curbtn{
    }

    .editor_tab .btnsesssioncontainer .btnclose strong {
        width               : 14px;
        height              : 14px;
        display             : block;
        position            : absolute;
        right               : 0;
        top                 : 7px;
        background-image    : url(images/close_tab_btn.png);
        background-repeat   : no-repeat;
        background-position : 0 -14px;
    }

    .editor_tab .btnsesssioncontainer .btnclose strong:hover {
        background-position : -14px -14px;
    }

    .editor_tab .btnsesssioncontainer .btnclose strong:active {
        background-position : -28px -14px;
    }

    .editor_tab .btnsesssioncontainer .curbtn.btnclose strong {
        background-position : 0 0;
        top: 7px;
    }

    .editor_tab .btnsesssioncontainer .curbtn.btnclose strong:hover {
        background-position : -14px 0;
    }

    .editor_tab .btnsesssioncontainer .curbtn.btnclose strong:active {
        background-position : -28px 0;
    }

    .editor_tab .editor_bg {
        top : 32px;
        bottom : 0px;
        height : auto;
        position : absolute;
        margin: 0 auto;
        background: #e8e8e8 url(images/editor_tab_bg.png) repeat 0 0;
        /*border-bottom: 1px solid #8c8c8c;
        border-left: 1px solid #8c8c8c;
        border-right: 1px solid #8c8c8c;*/
        overflow: hidden;
        clear: both;
        left: 0;
        right: 0;
    }

    .editor_tab .editor_bg .editor_bg_content {
        width: 430px;
        margin: 100px auto 0;
        background: url(images/empty_editor_icon.png) no-repeat center 0;
        padding-top: 170px;
        text-align: center;
        color: #333333;
        text-shadow : rgba(255, 255, 255, .71) 1px 1px 1px;
        font-size: 18px;
    }
    
    .infraeditor.editor_tab .editor_bg .editor_bg_content {
        margin-top: 0;
    }
    
    .editor_tab .editor_bg .editor_bg_content .editor_bg_message2 {
        background: -webkit-gradient(linear,left bottom,left top,color-stop(0, rgb(237,237,237)),color-stop(1, rgb(255,255,255)));
        background: -moz-linear-gradient(center bottom,rgb(237,237,237) 0%,rgb(255,255,255) 100%);
        -webkit-box-shadow: 1px 1px 3px #aaaaaa;
        -moz-box-shadow: 1px 1px 3px #aaaaaa;
        box-shadow: 1px 1px 1px #aaaaaa;
        padding: 15px 20px;
        margin-top: 21px;
        color: #2270b2;
        font-size: 11px;
        text-transform:uppercase;
        border-radius : 4px;
        -moz-border-radius: 4px;
        -webkit-border-radius: 4px;
        -webkit-border-radius: 4px;
    }

    .editor_tab .editor_bg .editor_bg_content .editor_bg_message {
        color: #489829;
        font-family: georgia;
        padding-top: 4px;
        background: url(images/green-arrow-left.png) no-repeat 0 0;
        text-shadow : rgba(240, 240, 240, .71) 1px 1px 1px;
    }

    .editor_tab .editor_bg .editor_bg_message-top {
        color: #489829;
        font-family: georgia;
        padding-top: 4px;
        text-shadow : rgba(240, 240, 240, .71) 0px 1px 1px;
        font-size: 16px;
        margin: 35px auto 0;
        width: 430px;
        text-align: center;
        display: none;
    }
    
    .infraeditor.editor_tab .editor_bg .editor_bg_message-top {
        display: block;
    }
    
    .editor_tab .editor_bg .editor_bg_message-top span {
        color: #a1a1a1;
        font-size: 12px;
    }

    .editor_tab .editor_bg .editor_divider {
        background: url(images/empty_editor_divider.png) no-repeat center center;
        height: 14px;
        width: 430px;
        margin-top: 20px;
    }
    
    .editor_tab .session_page {
        display : none;
        position : absolute;
        top : 32px;
        bottom : 0;
        left : 0;
        right : 0;
        z-index : 10;
        margin: 0 auto;
        background-color: #e8e8e8;
        /*border-bottom: 1px solid #8C8C8C;*/
        border-top:3px solid #e8e8e8;
        overflow: hidden;
        clear: both;
    }

    .editor_tab .session_page.curpage{
        display : block;
    }
]]></a:style>

<a:presentation>
    <a:main pages="." buttons="div[1]">
        <div class="editor_tab">
            <div class="btnsesssioncontainer"> </div>
            <div class="editor_bg">
                <div class="editor_bg_message-top">
                    Invite people to this project by sharing the URL with them.
<!--                    <span>To access private projects both parties must have a Premium Account.</span>-->
                    <div class="editor_divider"></div>
                </div>
                <div class="editor_bg_content">
                    <div class="editor_bg_message">Open a file or create a new one to get started</div>
                </div>
            </div>
        </div>
    </a:main>
    <a:button
      caption   = "div[1]/div[2]/text()"
      container = "div"
      icon      = "div[1]/div"
      maxwidth  = "150"
      minwidth  = "0">
        <div class="session_btn">
            <div class="tab_middle">
                <div class="sessiontab_icon"> </div>
                <div class="sessiontab_title">-</div>
                <div class="sessiontab_saving"> </div>
            </div>
            <div class="tab_left"> </div>
            <div class="tab_right"> </div>
        </div>
    </a:button>
    <a:btnclose>
        <strong> </strong>
    </a:btnclose>
    <a:page container=".">
        <div class="session_page"> </div>
    </a:page>
</a:presentation>
</a:tab>
<a:tab name="tab">
    <a:style><![CDATA[
        .tab {
            padding : 0 0 0 0;
            border: 0px solid #c3c3c3;
            margin : 0 auto;
            overflow: hidden;
            position:relative;
            padding-top: 17px;
            /*border-bottom: 1px solid white;*/
        }

        .tab .btncontainer{
            padding : 0 0 1px;
            z-index : 100;
            height: 15px;
            overflow: visible;
            white-space: nowrap;
            color: #404040;
            text-shadow : rgba(255, 255, 255, 1) 0px 1px 0px;
            font-family : Tahoma, Arial;
            font-size : 11px;
            border-bottom : 1px solid #8c8c8c;

            /*border-top : 1px solid #ffffff;
            border-right : 1px solid #8c8c8c;
            border-left : 1px solid #8c8c8c;*/

            background: -webkit-gradient(linear,left bottom,left top,color-stop(0, rgb(209,209,209)),color-stop(1, rgb(227,227,227)));
            background: -moz-linear-gradient(center bottom,rgb(209,209,209) 0%,rgb(227,227,227) 100%);
            margin-top : -16px;
            width : auto;
        }

        .tab .btncontainer>div {
            display: block;
            /*float: left;*/
            display : inline-block;
            margin: 0 0 0 0;
            padding: 0;
            position : relative;
            vertical-align : bottom;
            cursor : default;
        }

        .tab .btncontainer .btntab {
            padding      : 1px 10px 2px 10px;
            position     : relative;
            margin-top:-1px;
            text-align: center;
            border-top : 1px solid #ffffff;
            border-right : 1px solid #8c8c8c;
            border-bottom : 1px solid #8c8c8c;

            background: -webkit-gradient(linear,left bottom,left top,color-stop(0.5, rgb(199,199,199)),color-stop(1, rgb(214,214,214)));
            background: -moz-linear-gradient(center bottom,rgb(199,199,199) 50%,rgb(214,214,214) 100%);
        }

        /*.tab .btncontainer div.firstbtn {
            margin-left: 0;
        }*/

        .tab .btncontainer .btntab .tab_icon {
            height:16px;
            left:1px;
            position:absolute;
            top:1px;
            width:16px;
        }

        .tab .btncontainer .btntab .tab_title {
            overflow : hidden;
            padding  : 0 0 0 0;
        }

        .tab .btncontainer .btntab.btnclose .tab_title {
            margin-right : 15px;
        }

        .tab .scale .btntab .tab_title{
            display : block;
            overflow : hidden;
            text-overflow : ellipsis;
            white-space : nowrap;
        }

        .tab .btncontainer div.over {
            background: -webkit-gradient(linear,left bottom,left top,color-stop(0, rgb(209,209,209)),color-stop(1, rgb(227,227,227)));
            background: -moz-linear-gradient(center bottom,rgb(209,209,209) 0%,rgb(227,227,227) 100%);
            cursor: default;
        }

        .tab .btncontainer div.curbtn {
            color       : #202020;
            cursor      : default;
            z-index     : 1;
            background: -webkit-gradient(linear,left bottom,left top,color-stop(0.6 rgb(246,246,246)),color-stop(1, rgb(237,237,237)));
            background: -moz-linear-gradient(center bottom,rgb(246,246,246) 60%,rgb(237,237,237) 100%);
            border-right : 1px solid #8c8c8c;
            border-top: 1px solid #f9f9f9;
            border-bottom: 1px solid #F6F6F6;
        }

        .tab .scale .btntab .tab_middle {
            display : block;
            overflow : hidden;
            text-overflow : ellipsis;
            white-space : nowrap;
        }

        .tabFocus .curbtn{
        }

        .tab .btncontainer .btnclose strong {
            width               : 14px;
            height              : 14px;
            display             : block;
            position            : absolute;
            right               : 0;
            top                 : 7px;
            /*cursor              : pointer;*/
            background-image    : url(images/close_tab_btn.png);
            background-repeat   : no-repeat;
            background-position : 0 -14px;
        }

        .tab .btncontainer .btnclose strong:hover {
            background-position : -14px -14px;
        }

        .tab .btncontainer .btnclose strong:active {
            background-position : -28px -14px;
        }

        .tab .btncontainer .curbtn.btnclose strong {
            background-position : 0 0;
            top: 7px;
        }

        .tab .btncontainer .curbtn.btnclose strong:hover {
            background-position : -14px 0;
        }

        .tab .btncontainer .curbtn.btnclose strong:active {
            background-position : -28px 0;
        }

        .tab .page {
            display : none;
            position : absolute;
            top : 18px;
            bottom : 0;
            left : 0;
            right : 0;
            z-index : 10;
            margin: 0 auto;
            background-color: #f6f6f6;
            /*border-left: 1px solid #8c8c8c;
            border-right: 1px solid #8c8c8c;
            border-bottom: 1px solid #8c8c8c;*/
            overflow: hidden;
            clear: both;
            font-family : Arial;
            font-family: 12px;
        }

        .tab .page.curpage{
            display : block;
        }
    ]]></a:style>

    <a:presentation>
        <a:main pages="." buttons="div[1]">
            <div class="tab">
                <div class="btncontainer"> </div>
            </div>
        </a:main>
        <a:button caption="div[1]/text()" container="div" maxwidth="90" minwidth="10">
            <div class="btntab">
                <!--div class="tab_icon"> </div-->
                <div class="tab_title">-</div>
            </div>
        </a:button>
        <a:btnclose>
            <strong> </strong>
        </a:btnclose>
        <a:page container=".">
            <div class="page"> </div>
        </a:page>
    </a:presentation>
</a:tab>
<a:tab name="docktab">
    <a:style><![CDATA[
        .docktab {
            border: 0px solid #c3c3c3;
            margin : 0 auto;
            overflow: hidden;
            position:relative;
            /*border-bottom: 1px solid white;*/
        }

        .docktab .btncontainer{
            padding : 0;
            z-index : 100;
            height: 18px;
            overflow: visible;
            white-space: nowrap;
            border-bottom : 1px solid #8c8c8c;

            background: -webkit-gradient(linear,left bottom,left top,color-stop(0, rgb(209,209,209)),color-stop(1, rgb(227,227,227)));
            background: -moz-linear-gradient(center bottom,rgb(209,209,209) 0%,rgb(227,227,227) 100%);
            width : auto;
        }

        .docktab .btncontainer>div {
            display: block;
            display : inline-block;
            margin: 0 0 0 0;
            padding: 0;
            position : relative;
            vertical-align : bottom;
            cursor : default;
        }

        .docktab .btncontainer .btntab {
            padding       : 1px 2px 2px 2px;
            position      : relative;
            text-align    : center;
            border-right  : 1px solid #8c8c8c;
            border-bottom : 1px solid #8c8c8c;

            background : -moz-linear-gradient(top, #d6d6d6, #c7c7c7 );
            background : -webkit-gradient(linear, 0% 0%, 0% 100%, from(#d6d6d6), to(#c7c7c7));
            -moz-box-shadow: 0 1px 0 rgba(255, 255, 255, 0.5) inset;
            -webkit-box-shadow: 0 1px 0 rgba(255, 255, 255, 0.5) inset;
        }

        /*.docktab .btncontainer div.firstbtn {
            margin-left: 0;
        }*/

        .docktab .btncontainer .btntab .tab_icon {
            height   : 16px;
            left     : 1px;
            position : absolute;
            top      : 1px;
            width    : 16px;
        }

        .docktab .btncontainer .btntab .tab_title {
            overflow : hidden;
            padding  : 1px 0 0 2px;
            color    : #202020;

            text-shadow : rgba(255,255,255,0.7) 0px 1px 0px;
            font-family : "Arial", Tahoma;
            font-size : 11px;
        }

        .docktab .btncontainer .btntab.btnclose .tab_title {
            margin-right : 15px;
        }

        .docktab .scale .btntab .tab_title{
            display : block;
            overflow : hidden;
            text-overflow : ellipsis;
            white-space : nowrap;
        }

        .docktab .btncontainer div.over {
            background: -webkit-gradient(linear,left bottom,left top,color-stop(0, rgb(209,209,209)),color-stop(1, rgb(227,227,227)));
            background: -moz-linear-gradient(center bottom,rgb(209,209,209) 0%,rgb(227,227,227) 100%);
            cursor: default;
        }

        .docktab .btncontainer div.curbtn {
            color       : #202020;
            cursor      : default;
            z-index     : 1;
            background: -webkit-gradient(linear,left bottom,left top,from(rgb(246,246,246)),color-stop(1, rgb(237,237,237)));
            background: -moz-linear-gradient(center bottom,rgb(246,246,246) 60%,rgb(237,237,237) 100%);
            border-right : 1px solid #8c8c8c;
            border-bottom: 1px solid #F6F6F6;
        }

        .docktab .scale .btntab .tab_middle {
            display : block;
            overflow : hidden;
            text-overflow : ellipsis;
            white-space : nowrap;
        }

        .tabFocus .curbtn{
        }

        .docktab .btncontainer .btnclose strong {
            width               : 14px;
            height              : 14px;
            display             : block;
            position            : absolute;
            right               : 1px;
            top                 : 3px;
            /*cursor              : pointer;*/
            background-image    : url(images/close_tab_btn.png);
            background-repeat   : no-repeat;
            background-position : 0 0;
        }

        .docktab .btncontainer .btnclose strong:hover {
            background-position : -14px -14px;
        }

        .docktab .btncontainer .btnclose strong:active {
            background-position : -28px -14px;
        }

        .docktab .btncontainer .curbtn.btnclose strong {
            background-position : 0 0;
            top: 3px;
        }

        .docktab .btncontainer .curbtn.btnclose strong:hover {
            background-position : -14px 0;
        }

        .docktab .btncontainer .curbtn.btnclose strong:active {
            background-position : -28px 0;
        }

        .docktab .page {
            display : none;
            position : absolute;
            top : 19px;
            bottom : 0;
            left : 0;
            right : 0;
            z-index : 10;
            margin: 0 auto;
            background-color: #f6f6f6;
            /*border-left: 1px solid #8c8c8c;
            border-right: 1px solid #8c8c8c;
            border-bottom: 1px solid #8c8c8c;*/
            overflow: hidden;
        }

        .docktab .page.curpage{
            display : block;
        }
    ]]></a:style>
    <a:style condition="apf.isWebkit">
        .docktab .btncontainer .btntab {
            padding : 2px 2px 3px 2px;
        }
    </a:style>

    <a:presentation>
        <a:main pages="." buttons="div[1]">
            <div class="docktab">
                <div class="btncontainer"> </div>
            </div>
        </a:main>
        <a:button
          caption   = "div[1]/text()"
          container = "."
          maxwidth  = "80"
          minwidth  = "10">
            <div class="btntab">
                <!--div class="tab_icon"> </div-->
                <div class="tab_title">-</div>
            </div>
        </a:button>
        <a:btnclose>
            <strong> </strong>
        </a:btnclose>
        <a:page container=".">
            <div class="page"> </div>
        </a:page>
    </a:presentation>
</a:tab>
</a:skin>
