<a:application xmlns:a="http://ajax.org/2005/aml">
    <a:window
      id        = "winNewFileTemplate"
      title     = "New from Template"
      icon      = ""
      center    = "true"
      render    = "runtime"
      width     = "350"
      height    = "300"
      skin      = "bk-window"
      resizable = "true"
      kbclose   = "true"
      buttons   = "close"
      draggable = "true">
        <a:vbox padding="10" anchors="0 0 0 0">

            <a:list id="lstFileTemplates"
              model     = "mdlFileTemplates"
              flex      = "1"
              margin    = "10 10 10 10"
              caption   = "[@caption]"
              icon      = "[@icon]"
              class     = "noscrollbar"
              scrollbar = "sbShared 12 12 55"
              each      = "item"
              eachvalue = "[@value]"
              style     = "overflow:hidden"
              onafterchoose = "
                btnFileTemplateSave.dispatchEvent('click');
              " />
            <a:hbox pack="end" padding="7" edge="10">
                <a:button id="btnFileTemplateSave" width="80" default="2"
                  class="btn-green" skin="btn-default-css3" caption="Create"
                  onclick="
                    require('ext/newresource/newresource').newfile(
                        '.' + lstFileTemplates.value,
                        lstFileTemplates.selected.firstChild.nodeValue
                    );
                    winNewFileTemplate.hide();
                  "/>
                <a:button id="btnFileTemplateCancel" skin="btn-default-css3" width="80"
                  onclick="winNewFileTemplate.hide()">Cancel</a:button>
            </a:hbox>
        </a:vbox>
    </a:window>

    <a:model id="mdlFileTemplates">
        <templates>
            <item value="txt" icon="page_white_text.png" caption="Text file"><![CDATA[]]></item>
            <item value="js" icon="page_white_code.png" caption="JavaScript file"><![CDATA[]]></item>
            <item value="js" icon="page_white_code.png" caption="Unit Test"><![CDATA["use strict";
require("./support/paths");

var assert = require("assert");
//var module = require("./module");

module.exports = {

    "test untitled 1" : function() {
        //assert.equal(!true, false);
    }

};

if (typeof module !== "undefined" && module === require.main) {
    require("asyncjs").test.testcase(module.exports).exec()
}]]></item>
            <item value="stest" icon="page_white_code.png" caption="Selenium Test"><![CDATA[{}]]></item>
            <item value="coffee" icon="page_white_code.png" caption="CoffeeScript file"><![CDATA[]]></item>
            <item value="html" icon="html.png" caption="HTML file"><![CDATA[<!DOCTYPE html>
<html>
    <head>
        <title> </title>
    </head>
    <body>

    </body>
</html>
]]></item>
            <item value="xml" icon="page_white_code_red.png" caption="XML file"><![CDATA[]]></item>
            <item value="css" icon="css.png" caption="CSS file"><![CDATA[]]></item>
            <item value="scss" icon="css.png" caption="SCSS file"><![CDATA[]]></item>
            <item value="svg" icon="page_white_picture.png" caption="SVG file"><![CDATA[]]></item>
            <item value="py" icon="script_code.png" caption="Python file"><![CDATA[]]></item>
            <item value="php" icon="page_white_php.png" caption="PHP file"><![CDATA[<?php

?>]]></item>
            <item value="rb" icon="page_white_ruby.png" caption="Ruby file"><![CDATA[]]></item>
            <item value="mli" icon="page_white_code.png" caption="OCaml file"><![CDATA[]]></item>
            <item value="clj" icon="page_white_code.png" caption="Clojure file"><![CDATA[]]></item>
            <item value="md" icon="page_white_text.png" caption="Markdown"><![CDATA[]]></item>
            <item value="js" icon="page_white_code.png" caption="Express file"><![CDATA[// *******************************************************
// expressjs template
//
// assumes: npm install express
// defaults to jade engine, install others as needed
//
// assumes these subfolders:
//   public/
//   public/javascripts/
//   public/stylesheets/
//   views/
//
var express = require('express');
var app = module.exports = express.createServer();
var viewEngine = 'jade'; // modify for your view engine
// Configuration
app.configure(function(){
  app.set('views', __dirname + '/views');
  app.set('view engine', viewEngine);
  app.use(express.bodyParser());
  app.use(express.methodOverride());
  app.use(app.router);
  app.use(express.static(__dirname + '/public'));
});
app.configure('development', function(){
  app.use(express.errorHandler({ dumpExceptions: true, showStack: true }));
});
app.configure('production', function(){
  app.use(express.errorHandler());
});
// *******************************************************
]]></item>
            <item value="js" icon="page_white_code.png" caption="Node.js web server"><![CDATA[var http = require('http');
http.createServer(function (req, res) {
  res.writeHead(200, {'Content-Type': 'text/plain'});
  res.end('Hello World from Cloud9\n');
}).listen(process.env.PORT);
]]>
            </item>
        </templates>
    </a:model>
</a:application>
